"#","Name","Type 1","Type 2","Type3","HP","Att","Def","SpA","SpD","Spe","1st","2nd","DW","Exp","HP","Att","Def","SpA","SpD","Spe",,"Height","Weight","Gender","Evolve/targets","XP at 100","Name","#"
0,1,2,3,4,5,6,7,8,9,10,11,12,13,14,15,16,17,18,19,20,21,22,23,24,25,26,1,0
1,"Bulbasaur","Grass","Poison",,45,49,49,65,65,45,"Overgrow",,"Chlorophyll",64,0,0,0,1,0,0,45,0.7,6.9,0.5,"16 2",1059860,"Bulbasaur",1
2,"Ivysaur","Grass","Poison",,60,62,63,80,80,60,"Overgrow",,"Chlorophyll",141,0,0,0,1,1,0,45,1,13,0.5,"32 3",1059860,"Ivysaur",2
3,"Venusaur","Grass","Poison",,80,82,83,100,100,80,"Overgrow",,"Chlorophyll",208,0,0,0,2,1,0,45,2,100,0.5,0,1059860,"Venusaur",3
4,"Charmander","Fire",,,39,52,43,60,50,65,"Blaze",,"Solar Power",65,0,0,0,0,0,1,45,0.6,8.5,0.5,"16 5",1059860,"Charmander",4
5,"Charmeleon","Fire",,,58,64,58,80,65,80,"Blaze",,"Solar Power",142,0,0,0,1,0,1,45,1.1,19,0.5,"36 6",1059860,"Charmeleon",5
6,"Charizard","Fire","Flying","Dragon",78,84,78,109,85,100,"Blaze",,"Solar Power",209,0,0,0,3,0,0,45,1.7,90.5,0.5,0,1059860,"Charizard",6
7,"Squirtle","Water",,,44,48,65,50,64,43,"Torrent",,"Rain Dish",66,0,0,1,0,0,0,45,0.5,9,0.5,"16 8",1059860,"Squirtle",7
8,"Wartortle","Water",,,59,63,80,65,80,58,"Torrent",,"Rain Dish",143,0,0,1,0,1,0,45,1,22.5,0.5,"36 9",1059860,"Wartortle",8
9,"Blastoise","Water",,,79,83,100,85,105,78,"Torrent",,"Rain Dish",210,0,0,0,0,3,0,45,1.6,85.5,0.5,0,1059860,"Blastoise",9
10,"Caterpie","Bug",,,45,30,35,20,20,45,"Shield Dust",,"Run Away",53,1,0,0,0,0,0,255,0.3,2.9,0.5,"7 11",1000000,"Caterpie",10
11,"Metapod","Bug",,,50,20,55,25,25,30,"Shed Skin",,"Shed Skin",72,0,0,2,0,0,0,120,0.7,9.9,0.5,"10 12",1000000,"Metapod",11
12,"Butterfree","Bug","Flying",,60,45,50,80,80,70,"Compoundeyes",,"Tinted Lens",160,0,0,0,2,1,0,45,1.1,32,0.5,0,1000000,"Butterfree",12
13,"Weedle","Bug","Poison",,40,35,30,20,20,50,"Shield Dust",,"Run Away",52,0,0,0,0,0,1,255,0.3,3.2,0.5,"7 14",1000000,"Weedle",13
14,"Kakuna","Bug","Poison",,45,25,50,25,25,35,"Shed Skin",,,71,0,0,2,0,0,0,120,0.6,10,0.5,"10 15",1000000,"Kakuna",14
15,"Beedrill","Bug","Poison",,65,80,40,45,80,75,"Swarm",,"Sniper",159,0,2,0,0,1,0,45,1,29.5,0.5,0,1000000,"Beedrill",15
16,"Pidgey","Normal","Flying",,40,45,40,35,35,56,"Keen Eye","Tangled Feet","Big Pecks",55,0,0,0,0,0,1,255,0.3,1.8,0.5,"18 17",1059860,"Pidgey",16
17,"Pidgeotto","Normal","Flying",,63,60,55,50,50,71,"Keen Eye","Tangled Feet","Big Pecks",113,0,0,0,0,0,2,120,1.1,30,0.5,"36 18",1059860,"Pidgeotto",17
18,"Pidgeot","Normal","Flying",,83,80,75,70,70,91,"Keen Eye","Tangled Feet","Big Pecks",172,0,0,0,0,0,3,45,1.5,39.5,0.5,,1059860,"Pidgeot",18
19,"Rattata","Normal",,,30,56,35,25,35,72,"Run Away","Guts","Hustle",57,0,0,0,0,0,1,255,0.3,3.5,0.5,"20 20",1000000,"Rattata",19
20,"Raticate","Normal",,,55,81,60,50,70,97,"Run Away","Guts","Hustle",116,0,0,0,0,0,2,127,0.7,18.5,0.5,,1000000,"Raticate",20
21,"Spearow","Normal","Flying",,40,60,30,31,31,70,"Keen Eye",,"Sniper",58,0,0,0,0,0,1,255,0.3,2,0.5,"20 22",1000000,"Spearow",21
22,"Fearow","Normal","Flying",,65,90,65,61,61,100,"Keen Eye",,"Sniper",162,0,0,0,0,0,2,90,1.2,38,0.5,,1000000,"Fearow",22
23,"Ekans","Poison",,,35,60,44,40,54,55,"Intimidate","Shed Skin","Unnerve",62,0,1,0,0,0,0,255,2,6.9,0.5,"22 24",1000000,"Ekans",23
24,"Arbok","Poison",,,60,85,69,65,79,80,"Intimidate","Shed Skin","Unnerve",147,0,2,0,0,0,0,90,3.5,65,0.5,,1000000,"Arbok",24
25,"Pikachu","Electric",,,35,55,30,50,40,90,"Static",,"Lightningrod",82,0,0,0,0,0,2,190,0.4,6,0.5,"Thunderstone 26",1000000,"Pikachu",25
26,"Raichu","Electric",,,60,90,55,90,80,100,"Static",,"Lightningrod",122,0,0,0,0,0,3,75,0.8,30,0.5,,1000000,"Raichu",26
27,"Sandshrew","Ground",,,50,75,85,20,30,40,"Sand Veil",,"Sand Rush",93,0,0,1,0,0,0,255,0.6,12,0.5,"22 28",1000000,"Sandshrew",27
28,"Sandslash","Ground",,,75,100,110,45,55,65,"Sand Veil",,"Sand Rush",163,0,0,2,0,0,0,90,1,29.5,0.5,,1000000,"Sandslash",28
29,"Nidoran F","Poison",,,55,47,52,40,40,41,"Poison Point","Rivalry","Hustle",59,1,0,0,0,0,0,235,0.4,7,0,"16 30",1059860,"Nidoran F",29
30,"Nidorina","Poison",,,70,62,67,55,55,56,"Poison Point","Rivalry","Hustle",117,2,0,0,0,0,0,120,0.8,20,0,"MoonStone 31",1059860,"Nidorina",30
31,"Nidoqueen","Poison","Ground",,90,82,87,75,85,76,"Poison Point","Rivalry","Sheer Force",194,3,0,0,0,0,0,45,1.3,60,0,,1059860,"Nidoqueen",31
32,"Nidoran M","Poison",,,46,57,40,40,40,50,"Poison Point","Rivalry","Hustle",60,0,1,0,0,0,0,235,0.5,9,1,"16 33",1059860,"Nidoran M",32
33,"Nidorino","Poison",,,61,72,57,55,55,65,"Poison Point","Rivalry","Hustle",118,0,2,0,0,0,0,120,0.9,19.5,1,"MoonStone 34",1059860,"Nidorino",33
34,"Nidoking","Poison","Ground",,81,92,77,85,75,85,"Poison Point","Rivalry","Sheer Force",195,0,3,0,0,0,0,45,1.4,62,1,,1059860,"Nidoking",34
35,"Clefairy","Normal",,,70,45,48,60,65,35,"Cute Charm","Magic Guard","Friend Guard",68,2,0,0,0,0,0,150,0.6,7.5,0.25,"MoonStone 36",800000,"Clefairy",35
36,"Clefable","Normal",,,95,70,73,85,90,60,"Cute Charm","Magic Guard","Unaware",129,3,0,0,0,0,0,25,1.3,40,0.25,,800000,"Clefable",36
37,"Vulpix","Fire",,,38,41,40,50,65,65,"Flash Fire",,"Drought",63,0,0,0,0,0,1,190,0.6,9.9,0.25,"FireStone 38",1000000,"Vulpix",37
38,"Ninetales","Fire",,,73,76,75,81,100,100,"Flash Fire",,"Drought",178,0,0,0,1,1,0,75,1.1,19.9,0.25,,1000000,"Ninetales",38
39,"Jigglypuff","Normal",,,115,45,20,45,25,20,"Cute Charm",,"Friend Guard",76,2,0,0,0,0,0,170,0.5,5.5,0.25,"MoonStone 40",800000,"Jigglypuff",39
40,"Wigglytuff","Normal",,,140,70,45,75,50,45,"Cute Charm",,"Frisk",109,3,0,0,0,0,0,50,1,12,0.25,,800000,"Wigglytuff",40
41,"Zubat","Poison","Flying",,40,45,35,30,40,55,"Inner Focus",,"Infiltrator",54,0,0,0,0,0,1,255,0.8,7.5,0.5,"22 42",1000000,"Zubat",41
42,"Golbat","Poison","Flying",,75,80,70,65,75,90,"Inner Focus",,"Infiltrator",171,0,0,0,0,0,2,90,1.6,55,0.5,"Friendship 169",1000000,"Golbat",42
43,"Oddish","Grass","Poison",,45,50,55,75,65,30,"Chlorophyll",,"Run Away",78,0,0,0,1,0,0,255,0.5,5.4,0.5,"22 44",1059860,"Oddish",43
44,"Gloom","Grass","Poison",,60,65,70,85,75,40,"Chlorophyll",,"Stench",132,0,0,0,2,0,0,120,0.8,8.6,0.5,"!!! 45 182",1059860,"Gloom",44
45,"Vileplume","Grass","Poison",,75,80,85,100,90,50,"Chlorophyll",,"Effect Spore",184,0,0,0,3,0,0,45,1.2,18.6,0.5,"Leaf Stone",1059860,"Vileplume",45
46,"Paras","Bug","Grass",,35,70,55,45,55,25,"Effect Spore","Dry Skin","Damp",70,0,1,0,0,0,0,190,0.3,5.4,0.5,24,1000000,"Paras",46
47,"Parasect","Bug","Grass",,60,95,80,60,80,30,"Effect Spore","Dry Skin","Damp",128,0,2,1,0,0,0,75,1,29.5,0.5,,1000000,"Parasect",47
48,"Venonat","Bug","Poison",,60,55,50,40,55,45,"Compoundeyes","Tinted Lens","Run Away",75,0,0,0,0,1,0,190,1,30,0.5,31,1000000,"Venonat",48
49,"Venomoth","Bug","Poison",,70,65,60,90,75,90,"Shield Dust","Tinted Lens","Wonder Skin",138,0,0,0,1,0,1,75,1.5,12.5,0.5,,1000000,"Venomoth",49
50,"Diglett","Ground",,,10,55,25,35,45,95,"Sand Veil","Arena Trap","Sand Force",81,0,0,0,0,0,1,255,0.2,0.8,0.5,26,1000000,"Diglett",50
51,"Dugtrio","Ground",,,35,80,50,50,70,120,"Sand Veil","Arena Trap","Sand Force",153,0,0,0,0,0,2,50,0.7,33.3,0.5,,1000000,"Dugtrio",51
52,"Meowth","Normal",,,40,45,35,40,40,90,"Pick Up","Technician","Unnerve",69,0,0,0,0,0,1,255,0.4,4.2,0.5,28,1000000,"Meowth",52
53,"Persian","Normal",,,65,70,60,65,65,115,"Pick Up","Technician","Unnerve",148,0,0,0,0,0,2,90,1,32,0.5,,1000000,"Persian",53
54,"Psyduck","Water",,,50,52,48,65,50,55,"Damp","Cloud Nine","Swift Swim",80,0,0,0,1,0,0,190,0.8,19.6,0.5,33,1000000,"Psyduck",54
55,"Golduck","Water",,,80,82,78,95,80,85,"Damp","Cloud Nine","Swift Swim",174,0,0,0,2,0,0,75,1.7,76.6,0.5,,1000000,"Golduck",55
56,"Mankey","Fighting",,,40,80,35,35,45,70,"Vital Spirit","Anger Point ","Defiant",74,0,1,0,0,0,0,190,0.5,28,0.5,28,1000000,"Mankey",56
57,"Primeape","Fighting",,,65,105,60,60,70,95,"Vital Spirit","Anger Point","Defiant",149,0,2,0,0,0,0,75,1,32,0.5,,1000000,"Primeape",57
58,"Growlithe","Fire",,,55,70,45,70,50,60,"Intimidate","Flash Fire","Justified",91,0,1,0,0,0,0,190,0.7,19,0.75,"Fire Stone",1250000,"Growlithe",58
59,"Arcanine","Fire",,,90,110,80,100,80,95,"Intimidate","Flash Fire","Justified",213,0,2,0,0,0,0,75,1.9,155,0.75,,1250000,"Arcanine",59
60,"Poliwag","Water",,,40,50,40,40,40,90,"Water Absorb","Damp","Swift Swim",77,0,0,0,0,0,1,255,0.6,12.4,0.5,25,1059860,"Poliwag",60
61,"Poliwhirl","Water",,,65,65,65,50,50,90,"Water Absorb","Damp","Swift Swim",131,0,0,0,0,0,2,120,1,20,0.5,"!!!",1059860,"Poliwhirl",61
62,"Poliwrath","Water","Fighting",,90,85,95,70,90,70,"Water Absorb","Damp","Swift Swim",185,0,0,3,0,0,0,45,1.3,54,0.5,"Water Stone",1059860,"Poliwrath",62
63,"Abra","Psychic",,,25,20,15,105,55,90,"Synchronize","Inner Focus","Magic Guard",75,0,0,0,1,0,0,200,0.9,19.5,0.75,16,1059860,"Abra",63
64,"Kadabra","Psychic",,,40,35,30,120,70,105,"Synchronize","Inner Focus","Magic Guard",145,0,0,0,2,0,0,100,1.3,56.5,0.75,33,1059860,"Kadabra",64
65,"Alakazam","Psychic",,,55,50,45,135,85,120,"Synchronize","Inner Focus","Magic Guard",186,0,0,0,3,0,0,50,1.5,48,0.75,,1059860,"Alakazam",65
66,"Machop","Fighting",,,70,80,50,35,35,35,"Guts","No Guard","Steadfast",75,0,1,0,0,0,0,180,0.8,19.5,0.75,28,1059860,"Machop",66
67,"Machoke","Fighting",,,80,100,70,50,60,45,"Guts","No Guard","Steadfast",146,0,2,0,0,0,0,90,1.5,70.5,0.75,44,1059860,"Machoke",67
68,"Machamp","Fighting",,,90,130,80,65,85,55,"Guts","No Guard","Steadfast",193,0,3,0,0,0,0,45,1.6,130,0.75,,1059860,"Machamp",68
69,"Bellsprout","Grass","Poison",,50,75,35,70,30,40,"Chlorophyll",,"Gluttony",84,0,1,0,0,0,0,255,0.7,4,0.5,21,1059860,"Bellsprout",69
70,"Weepinbell","Grass","Poison",,65,90,50,85,45,55,"Chlorophyll",,"Gluttony",151,0,2,0,0,0,0,120,1,6.4,0.5,"Leaf Stone",1059860,"Weepinbell",70
71,"Victreebel","Grass","Poison",,80,105,65,100,60,70,"Chlorophyll",,"Gluttony",191,0,3,0,0,0,0,45,1.7,15.5,0.5,,1059860,"Victreebel",71
72,"Tentacool","Water","Poison",,40,40,35,50,100,70,"Clear Body","Liquid Ooze","Rain Dish",105,0,0,0,0,1,0,190,0.9,45.5,0.5,30,1250000,"Tentacool",72
73,"Tentacruel","Water","Poison",,80,70,65,80,120,100,"Clear Body","Liquid Ooze","Rain Dish",205,0,0,0,0,2,0,60,1.6,55,0.5,,1250000,"Tentacruel",73
74,"Geodude","Rock","Ground",,40,80,100,30,30,20,"Rock Head","Sturdy","Sand Veil",73,0,0,1,0,0,0,255,0.4,20,0.5,25,1059860,"Geodude",74
75,"Graveler","Rock","Ground",,55,95,115,45,45,35,"Rock Head","Sturdy","Sand Veil",134,0,0,2,0,0,0,120,1,105,0.5,40,1059860,"Graveler",75
76,"Golem","Rock","Ground",,80,110,130,55,65,45,"Rock Head","Sturdy","Sand Veil",177,0,0,3,0,0,0,45,1.4,300,0.5,,1059860,"Golem",76
77,"Ponyta","Fire",,,50,85,55,65,65,90,"Run Away","Flash Fire","Flame Body",152,0,0,0,0,0,1,190,1,30,0.5,40,1000000,"Ponyta",77
78,"Rapidash","Fire",,,65,100,70,80,80,105,"Run Away","Flash Fire","Flame Body",192,0,0,0,0,0,2,60,1.7,95,0.5,,1000000,"Rapidash",78
79,"Slowpoke","Water","Psychic",,90,65,65,40,40,15,"Oblivious","Own Tempo","Regenerator",99,1,0,0,0,0,0,190,1.2,36,0.5,"!!!",1000000,"Slowpoke",79
80,"Slowbro","Water","Psychic",,95,75,110,100,80,30,"Oblivious","Own Tempo","Regenerator",164,0,0,2,0,0,0,75,1.6,78.5,0.5,37,1000000,"Slowbro",80
81,"Magnemite","Electric","Steel",,25,35,70,95,55,45,"Magnet Pull","Sturdy","Analytic",89,0,0,0,1,0,0,190,0.3,6,-1,30,1000000,"Magnemite",81
82,"Magneton","Electric","Steel",,50,60,95,120,70,70,"Magnet Pull","Sturdy","Analytic",161,0,0,0,2,0,0,60,1,60,-1,,1000000,"Magneton",82
83,"Farfetch'd","Normal","Flying",,52,65,55,58,62,60,"Keen Eye","Inner Focus","Defiant",94,0,1,0,0,0,0,45,0.8,15,0.5,,1000000,"Farfetch'd",83
84,"Doduo","Normal","Flying",,35,85,45,35,35,75,"Run Away","Early Bird","Tangled Feet",96,0,1,0,0,0,0,190,1.4,39.2,0.5,31,1000000,"Doduo",84
85,"Dodrio","Normal","Flying",,60,110,70,60,60,100,"Run Away","Early Bird","Tangled Feet",158,0,2,0,0,0,0,45,1.8,85.2,0.5,,1000000,"Dodrio",85
86,"Seel","Water",,,65,45,55,45,70,45,"Thick Fat","Hydration","Ice Body",100,0,0,0,0,1,0,190,1.1,90,0.5,34,1000000,"Seel",86
87,"Dewgong","Water","Ice",,90,70,80,70,95,70,"Thick Fat","Hydration","Ice Body",176,0,0,0,0,2,0,75,1.7,120,0.5,,1000000,"Dewgong",87
88,"Grimer","Poison",,,80,80,50,40,50,25,"Stench","Sticky Hold","Poison Touch",90,1,0,0,0,0,0,190,0.9,30,0.5,38,1000000,"Grimer",88
89,"Muk","Poison",,,105,105,75,65,100,50,"Stench","Sticky Hold","Poison Touch",157,1,1,0,0,0,0,75,1.2,30,0.5,,1000000,"Muk",89
90,"Shellder","Water",,,30,65,100,45,25,40,"Shell Armor","Skill Link","Overcoat",97,0,0,1,0,0,0,190,0.3,4,0.5,"Water Stone",1250000,"Shellder",90
91,"Cloyster","Water","Ice",,50,95,180,85,45,70,"Shell Armor","Skill Link","Overcoat",203,0,0,2,0,0,0,60,1.5,132.5,0.5,,1250000,"Cloyster",91
92,"Gastly","Ghost","Poison",,30,35,30,100,35,80,"Levitate",,,95,0,0,0,1,0,0,190,1.3,0.1,0.5,25,1059860,"Gastly",92
93,"Haunter","Ghost","Poison",,45,50,45,115,55,95,"Levitate",,,126,0,0,0,2,0,0,90,1.6,0.1,0.5,40,1059860,"Haunter",93
94,"Gengar","Ghost","Poison",,60,65,60,130,75,110,"Levitate",,,190,0,0,0,3,0,0,45,1.5,40.5,0.5,,1059860,"Gengar",94
95,"Onix","Rock","Ground",,35,45,160,30,45,70,"Rock Head","Sturdy","Weak Armor",108,0,0,1,0,0,0,45,8.8,210,0.5,,1000000,"Onix",95
96,"Drowzee","Psychic",,,60,48,45,43,90,42,"Insomnia","Forewarn","Inner Focus",102,0,0,0,0,1,0,190,1,32.4,0.5,26,1000000,"Drowzee",96
97,"Hypno","Psychic",,,85,73,70,73,115,67,"Insomnia","Forewarn ","Inner Focus",165,0,0,0,0,2,0,75,1.6,75.6,0.5,,1000000,"Hypno",97
98,"Krabby","Water",,,30,105,90,25,25,50,"Hyper Cutter","Shell Armor ","Sheer Force",115,0,1,0,0,0,0,225,0.4,6.5,0.5,28,1000000,"Krabby",98
99,"Kingler","Water",,,55,130,115,50,50,75,"Hyper Cutter","Shell Armor","Sheer Force",206,0,2,0,0,0,0,60,1.3,60,0.5,,1000000,"Kingler",99
100,"Voltorb","Electric",,,40,30,50,55,55,100,"Soundproof","Static","Aftermath",103,0,0,0,0,0,1,190,0.5,10.4,-1,30,1000000,"Voltorb",100
101,"Electrode","Electric",,,60,50,70,80,80,140,"Soundproof","Static","Aftermath",150,0,0,0,0,0,2,60,1.2,66.6,-1,,1000000,"Electrode",101
102,"Exeggcute","Grass","Psychic",,60,40,80,60,45,40,"Chlorophyll",,"Harvest",98,0,0,1,0,0,0,90,0.4,2.5,0.5,"Leaf Stone",1250000,"Exeggcute",102
103,"Exeggutor","Grass","Psychic",,95,95,85,125,65,55,"Chlorophyll",,"Harvest",212,0,0,0,2,0,0,45,2,120,0.5,,1250000,"Exeggutor",103
104,"Cubone","Ground",,,50,50,95,40,50,35,"Rock Head","Lightningrod","Battle Armor",87,0,0,1,0,0,0,190,0.4,6.5,0.5,28,1000000,"Cubone",104
105,"Marowak","Ground",,,60,80,110,50,80,45,"Rock Head","Lightningrod","Battle Armor",124,0,0,2,0,0,0,75,1,45,0.5,,1000000,"Marowak",105
106,"Hitmonlee","Fighting",,,50,120,53,35,110,87,"Limber","Reckless","Unburden",139,0,2,0,0,0,0,45,1.5,49.8,1,"Lv. 20 (Atk>Def)",1000000,"Hitmonlee",106
107,"Hitmonchan","Fighting",,,50,105,79,35,110,76,"Keen Eye","Iron Fist","Inner Focus",140,0,0,0,0,2,0,45,1.4,50.2,1,"Lv. 20 (Atk<Def)",1000000,"Hitmonchan",107
108,"Lickitung","Normal",,,90,55,75,60,75,30,"Own Tempo","Oblivious","Cloud Nine",127,2,0,0,0,0,0,45,1.2,65.5,0.5,33,1000000,"Lickitung",108
109,"Koffing","Poison",,,40,65,95,60,45,35,"Levitate",,,114,0,0,1,0,0,0,190,0.6,1,0.5,35,1000000,"Koffing",109
110,"Weezing","Poison",,,65,90,120,85,70,60,"Levitate",,,173,0,0,2,0,0,0,60,1.2,9.5,0.5,,1000000,"Weezing",110
111,"Rhyhorn","Ground","Rock",,80,85,95,30,30,25,"Lightningrod","Rock Head","Reckless",135,0,0,1,0,0,0,120,1,115,0.5,42,1250000,"Rhyhorn",111
112,"Rhydon","Ground","Rock",,105,130,120,45,45,40,"Lightningrod","Rock Head","Reckless",204,0,2,0,0,0,0,60,1.9,120,0.5,,1250000,"Rhydon",112
113,"Chansey","Normal",,,250,5,5,35,105,50,"Natural Cure","Serene Grace","Healer",255,2,0,0,0,0,0,30,1.1,34.6,0,"H:Oval Stone",800000,"Chansey",113
114,"Tangela","Grass",,,65,55,115,100,40,60,"Chlorophyll","Leaf Guard","Regenerator",166,0,0,1,0,0,0,45,1,35,0.5,36,1000000,"Tangela",114
115,"Kangaskhan","Normal",,,105,95,80,40,80,90,"Early Bird","Scrappy","Inner Focus",175,2,0,0,0,0,0,45,2.2,80,0,,1000000,"Kangaskhan",115
116,"Horsea","Water",,,30,40,70,70,25,60,"Swift Swim","Sniper","Damp",83,0,0,0,1,0,0,225,0.4,8,0,32,1000000,"Horsea",116
117,"Seadra","Water",,,55,65,95,95,45,85,"Poison Point","Sniper","Damp",155,0,0,1,1,0,0,75,1.2,25,0,"H:Dragon Scale",1000000,"Seadra",117
118,"Goldeen","Water",,,45,67,60,35,50,63,"Swift Swim","Water Veil","Lightningrod",111,0,1,0,0,0,0,225,0.6,15,0,33,1000000,"Goldeen",118
119,"Seaking","Water",,,80,92,65,65,80,68,"Swift Swim","Water Veil","Lightningrod",170,0,2,0,0,0,0,60,1.3,39,0,,1000000,"Seaking",119
120,"Staryu","Water",,,30,45,55,70,55,85,"Illuminate","Natural Cure","Analytic",106,0,0,0,0,0,1,225,0.8,34.5,-1,"Water Stone",1250000,"Staryu",120
121,"Starmie","Water","Psychic",,60,75,85,100,85,115,"Illuminate","Natural Cure","Analytic",207,0,0,0,0,0,2,60,1.1,80,-1,,1250000,"Starmie",121
122,"Mr. Mime","Psychic",,,40,45,65,100,120,90,"Soundproof","Filter","Technician",136,0,0,0,0,2,0,45,1.3,54.5,0.5,,1000000,"Mr. Mime",122
123,"Scyther","Bug","Flying",,70,110,80,55,80,105,"Swarm","Technician","Steadfast",187,0,1,0,0,0,0,45,1.5,56,0.5,"H:Metal Coat",1000000,"Scyther",123
124,"Jynx","Ice","Psychic",,65,50,35,115,95,95,"Oblivious","Forewarn","Dry Skin",137,0,0,0,2,0,0,45,1.4,40.6,0,,1000000,"Jynx",124
125,"Electabuzz","Electric",,,65,83,57,95,85,105,"Static",,"Vital Spirit",156,0,0,0,0,0,2,45,1.1,30,0.75,"H:Electirizer ",1000000,"Electabuzz",125
126,"Magmar","Fire",,,65,95,57,100,85,93,"Flame Body",,"Vital Spirit",167,0,0,0,2,0,0,45,1.3,44.5,0.75,"H:Magmarizer",1000000,"Magmar",126
127,"Pinsir","Bug",,,65,125,100,55,70,85,"Hyper Cutter","Mold Breaker","Moxie",200,0,2,0,0,0,0,45,1.5,55,0.5,,1250000,"Pinsir",127
128,"Tauros","Normal",,,75,100,95,40,70,110,"Intimidate","Anger Point","Sheer Force",211,0,1,0,0,0,1,45,1.4,88.4,1,,1250000,"Tauros",128
129,"Magikarp","Water",,,20,10,55,15,20,80,"Swift Swim",,"Rattled",20,0,0,0,0,0,1,255,0.9,10,0.5,20,1250000,"Magikarp",129
130,"Gyarados","Water","Flying",,95,125,79,60,100,81,"Intimidate",,"Moxie",214,0,2,0,0,0,0,45,6.5,235,0.5,,1250000,"Gyarados",130
131,"Lapras","Water","Ice",,130,85,80,85,95,60,"Water Absorb","Shell Armor","Hydration",219,2,0,0,0,0,0,45,2.5,220,0.5,,1250000,"Lapras",131
132,"Ditto","Normal",,,48,48,48,48,48,48,"Limber",,"Imposter",61,1,0,0,0,0,0,35,0.3,4,-1,,1000000,"Ditto",132
133,"Eevee","Normal",,,55,55,50,45,65,55,"Run Away","Adaptability","Anticipation",92,0,0,0,0,1,0,45,0.3,6.5,0.5,"!!!",1000000,"Eevee",133
134,"Vaporeon","Water",,,130,65,60,110,95,65,"Water Absorb",,"Hydration",196,2,0,0,0,0,0,45,1,29,0.5,"Water Stone",1000000,"Vaporeon",134
135,"Jolteon","Electric",,,65,65,60,110,95,130,"Volt Absorb",,"Quick Feet",197,0,0,0,0,0,2,45,0.8,24.5,0.5,"Thunderstone",1000000,"Jolteon",135
136,"Flareon","Fire",,,65,130,60,95,110,65,"Flash Fire",,"Guts",198,0,2,0,0,0,0,45,0.9,25,0.5,"Fire Stone",1000000,"Flareon",136
137,"Porygon","Normal",,,65,60,70,85,75,40,"Trace","Download ","Analytic",130,0,0,0,1,0,0,45,0.8,36.5,0.5,"H:UpGrade",1000000,"Porygon",137
138,"Omanyte","Rock","Water",,35,40,100,90,55,35,"Swift Swim","Shell Armor","Weak Armor",99,0,0,1,0,0,0,45,0.4,7.5,0.5,40,1000000,"Omanyte",138
139,"Omastar","Rock","Water",,70,60,125,115,70,55,"Swift Swim","Shell Armor","Weak Armor",199,0,0,2,0,0,0,45,1,35,0.5,,1000000,"Omastar",139
140,"Kabuto","Rock","Water",,30,80,90,55,45,55,"Swift Swim","Battle Armor","Weak Armor",99,0,0,1,0,0,0,45,0.5,11.5,0.5,40,1000000,"Kabuto",140
141,"Kabutops","Rock","Water",,60,115,105,65,70,80,"Swift Swim","Battle Armor","Weak Armor",199,0,2,0,0,0,0,45,1.3,40.5,0.5,,1000000,"Kabutops",141
142,"Aerodactyl","Rock","Flying",,80,105,65,60,75,130,"Rock Head","Pressure","Unnerve",202,0,0,0,0,0,2,45,1.8,59,0.5,,1250000,"Aerodactyl",142
143,"Snorlax","Normal",,,160,110,65,65,110,30,"Immunity","Thick Fat","Gluttony",154,2,0,0,0,0,0,25,2.1,460,0.5,,1250000,"Snorlax",143
144,"Articuno","Ice","Flying",,90,85,100,95,125,85,"Pressure",,"Snow Cloak",215,0,0,0,0,3,0,3,1.7,55.4,-1,,1250000,"Articuno",144
145,"Zapdos","Electric","Flying",,90,90,85,125,90,100,"Pressure",,"Lightningrod",216,0,0,0,3,0,0,3,1.6,52.6,-1,,1250000,"Zapdos",145
146,"Moltres","Fire","Flying",,90,100,90,125,85,90,"Pressure",,"Flame Body",217,0,0,0,3,0,0,3,2,60,-1,,1250000,"Moltres",146
147,"Dratini","Dragon",,,41,64,45,50,50,50,"Shed Skin",,"Marvel Scale",67,0,1,0,0,0,0,45,1.8,3.3,0.5,30,1250000,"Dratini",147
148,"Dragonair","Dragon",,,61,84,65,70,70,70,"Shed Skin",,"Marvel Scale",144,0,2,0,0,0,0,45,4,16.5,0.5,55,1250000,"Dragonair",148
149,"Dragonite","Dragon","Flying",,91,134,95,100,100,80,"Inner Focus",,"Multiscale",218,0,3,0,0,0,0,45,2.2,210,0.5,,1250000,"Dragonite",149
150,"Mewtwo","Psychic",,,106,110,90,154,90,130,"Pressure",,"Unnerve",220,0,0,0,3,0,0,3,2,122,-1,,1250000,"Mewtwo",150
151,"Mew","Psychic",,,100,100,100,100,100,100,"Synchronize",,,64,3,0,0,0,0,0,45,0.4,4,-1,,1059860,"Mew",151
152,"Chikorita","Grass",,,45,49,65,49,65,45,"Overgrow",,"Leaf Guard",64,0,0,0,0,1,0,45,0.9,6.4,0.5,16,1059860,"Chikorita",152
153,"Bayleef","Grass",,,60,62,80,63,80,60,"Overgrow",,"Leaf Guard",141,0,0,1,0,1,0,45,1.2,15.8,0.5,32,1059860,"Bayleef",153
154,"Meganium","Grass",,,80,82,100,83,100,80,"Overgrow",,"Leaf Guard",208,0,0,1,0,2,0,45,1.8,100.5,0.5,,1059860,"Meganium",154
155,"Cyndaquil","Fire",,,39,52,43,60,50,65,"Blaze",,"Flash Fire",65,0,0,0,0,0,1,45,0.5,7.9,0.5,14,1059860,"Cyndaquil",155
156,"Quilava","Fire",,,58,64,58,80,65,80,"Blaze",,"Flash Fire",142,0,0,0,1,0,1,45,0.9,19,0.5,36,1059860,"Quilava",156
157,"Typhlosion","Fire",,,78,84,78,109,85,100,"Blaze",,"Flash Fire",209,0,0,0,3,0,0,45,1.7,79.5,0.5,,1059860,"Typhlosion",157
158,"Totodile","Water",,,50,65,64,44,48,43,"Torrent",,"Sheer Force",66,0,1,0,0,0,0,45,0.6,9.5,0.5,18,1059860,"Totodile",158
159,"Croconaw","Water",,,65,80,80,59,63,58,"Torrent",,"Sheer Force",143,0,1,1,0,0,0,45,1.1,25,0.5,30,1059860,"Croconaw",159
160,"Feraligatr","Water",,,85,105,100,79,83,78,"Torrent",,"Sheer Force",210,0,2,1,0,0,0,45,2.3,88.8,0.5,,1059860,"Feraligatr",160
161,"Sentret","Normal",,,35,46,34,35,45,20,"Run Away","Keen Eye","Frisk",57,0,1,0,0,0,0,255,0.8,6,0.5,15,1000000,"Sentret",161
162,"Furret","Normal",,,85,76,64,45,55,90,"Run Away","Keen Eye","Frisk",116,0,0,0,0,0,2,90,1.8,32.5,0.5,,1000000,"Furret",162
163,"Hoothoot","Normal","Flying",,60,30,30,36,56,50,"Insomnia","Keen Eye","Tinted Lens",58,1,0,0,0,0,0,255,0.7,21.2,0.5,20,1000000,"Hoothoot",163
164,"Noctowl","Normal","Flying",,100,50,50,76,96,70,"Insomnia","Keen Eye","Tinted Lens",162,2,0,0,0,0,0,90,1.6,40.8,0.5,,1000000,"Noctowl",164
165,"Ledyba","Bug","Flying",,40,20,30,40,80,55,"Swarm","Early Bird","Rattled",54,0,0,0,0,1,0,255,1,10.8,0.5,18,800000,"Ledyba",165
166,"Ledian","Bug","Flying",,55,35,50,55,110,85,"Swarm","Early Bird","Iron Fist",134,0,0,0,0,2,0,90,1.4,35.6,0.5,,800000,"Ledian",166
167,"Spinarak","Bug","Poison",,40,60,40,40,40,30,"Swarm","Insomnia","Sniper",54,0,1,0,0,0,0,255,0.5,8.5,0.5,22,800000,"Spinarak",167
168,"Ariados","Bug","Poison",,70,90,70,60,60,40,"Swarm","Insomnia","Sniper",134,0,2,0,0,0,0,90,1.1,33.5,0.5,,800000,"Ariados",168
169,"Crobat","Poison","Flying",,85,90,80,70,80,130,"Inner Focus",,"Infiltrator",204,0,0,0,0,0,3,90,1.8,75,0.5,,1000000,"Crobat",169
170,"Chinchou","Water","Electric",,75,38,38,56,56,67,"Volt Absorb","Illuminate","Water Absorb",90,1,0,0,0,0,0,190,0.5,12,0.5,27,1250000,"Chinchou",170
171,"Lanturn","Water","Electric",,125,58,58,76,76,67,"Volt Absorb","Illuminate","Water Absorb",156,2,0,0,0,0,0,75,1.2,22.5,0.5,,1250000,"Lanturn",171
172,"Pichu","Electric",,,20,40,15,35,35,60,"Static",,"Lightningrod",42,0,0,0,0,0,1,190,0.3,2,0.5,"Friendship",1000000,"Pichu",172
173,"Cleffa","Normal",,,50,25,28,45,55,15,"Cute Charm","Magic Guard","Friend Guard",37,0,0,0,0,1,0,150,0.3,3,0.25,"Friendship",800000,"Cleffa",173
174,"Igglybuff","Normal",,,90,30,15,40,20,15,"Cute Charm",,"Friend Guard",39,1,0,0,0,0,0,170,0.3,1,0.25,"Friendship",800000,"Igglybuff",174
175,"Togepi","Normal",,,35,20,65,40,65,20,"Hustle","Serene Grace","Super Luck",74,0,0,0,0,1,0,190,0.3,1.5,0.5,"Friendship",800000,"Togepi",175
176,"Togetic","Normal","Flying",,55,40,85,80,105,40,"Hustle","Serene Grace","Super Luck",114,0,0,0,0,2,0,75,0.6,3.2,0.5,,800000,"Togetic",176
177,"Natu","Psychic","Flying",,40,50,45,70,45,70,"Synchronize","Early Bird","Magic Mirror",73,0,0,0,1,0,0,190,0.2,2,0.5,25,1000000,"Natu",177
178,"Xatu","Psychic","Flying",,65,75,70,95,70,95,"Synchronize","Early Bird","Magic Mirror",171,0,0,0,1,0,1,75,1.5,15,0.5,,1000000,"Xatu",178
179,"Mareep","Electric",,,55,40,40,65,45,35,"Static",,"Plus",59,0,0,0,1,0,0,235,0.6,7.8,0.5,15,1059860,"Mareep",179
180,"Flaaffy","Electric",,,70,55,55,80,60,45,"Static",,"Plus",117,0,0,0,2,0,0,120,0.8,13.3,0.5,30,1059860,"Flaaffy",180
181,"Ampharos","Electric",,,90,75,75,115,90,55,"Static",,"Plus",194,0,0,0,3,0,0,45,1.4,61.5,0.5,,1059860,"Ampharos",181
182,"Bellossom","Grass",,,75,80,85,90,100,50,"Chlorophyll",,"Healer",184,0,0,0,0,3,0,45,0.4,5.8,0.5,"Sun Stone",1059860,"Bellossom",182
183,"Marill","Water",,,70,20,50,20,50,40,"Thick Fat","Huge Power","Sap Sipper",58,2,0,0,0,0,0,190,0.4,8.5,0.5,18,800000,"Marill",183
184,"Azumarill","Water",,,100,50,80,50,80,50,"Thick Fat","Huge Power","Sap Sipper",153,3,0,0,0,0,0,75,0.8,28.5,0.5,,800000,"Azumarill",184
185,"Sudowoodo","Rock",,,70,100,115,30,65,30,"Sturdy","Rock Head","Rattled",135,0,0,2,0,0,0,65,1.2,38,0.5,,1000000,"Sudowoodo",185
186,"Politoed","Water",,,90,75,75,90,100,70,"Water Absorb","Damp","Drizzle",185,0,0,0,0,3,0,45,1.1,33.9,0.5,"H:Kings Rock",1059860,"Politoed",186
187,"Hoppip","Grass","Flying",,35,35,40,35,55,50,"Chlorophyll","Leaf Guard","Infiltrator",74,0,0,0,0,0,1,255,0.4,0.5,0.5,18,1059860,"Hoppip",187
188,"Skiploom","Grass","Flying",,55,45,50,45,65,80,"Chlorophyll","Leaf Guard","Infiltrator",136,0,0,0,0,0,2,120,0.6,1,0.5,27,1059860,"Skiploom",188
189,"Jumpluff","Grass","Flying",,75,55,70,55,85,110,"Chlorophyll","Leaf Guard","Infiltrator",176,0,0,0,0,0,3,45,0.8,3,0.5,,1059860,"Jumpluff",189
190,"Aipom","Normal",,,55,70,55,40,55,85,"Run Away","Pick Up","Skill Link",94,0,0,0,0,0,1,45,0.8,11.5,0.5,,800000,"Aipom",190
191,"Sunkern","Grass",,,30,30,30,30,30,30,"Chlorophyll","Solar Power","Early Bird",52,0,0,0,1,0,0,235,0.3,1.8,0.5,"Sun Stone",1059860,"Sunkern",191
192,"Sunflora","Grass",,,75,75,55,105,85,30,"Chlorophyll","Solar Power","Early Bird",146,0,0,0,2,0,0,120,0.8,8.5,0.5,,1059860,"Sunflora",192
193,"Yanma","Bug","Flying",,65,65,45,75,45,95,"Speed Boost","Compoundeyes","Frisk",147,0,0,0,0,0,1,75,1.2,38,0.5,,1000000,"Yanma",193
194,"Wooper","Water","Ground",,55,45,45,25,25,15,"Damp","Water Absorb","Unaware",52,1,0,0,0,0,0,255,0.4,8.5,0.5,20,1000000,"Wooper",194
195,"Quagsire","Water","Ground",,95,85,85,65,65,35,"Damp","Water Absorb","Unaware",137,2,0,0,0,0,0,90,1.4,75,0.5,,1000000,"Quagsire",195
196,"Espeon","Psychic",,,65,65,60,130,95,110,"Synchronize",,"Magic Mirror",197,0,0,0,2,0,0,45,0.9,26.5,0.5,"Sun Stone",1000000,"Espeon",196
197,"Umbreon","Dark",,,95,65,110,60,130,65,"Synchronize",,"Inner Focus",197,0,0,0,0,2,0,45,1,27,0.5,"Dusk Stone",1000000,"Umbreon",197
198,"Murkrow","Dark","Flying",,60,85,42,85,42,91,"Insomnia","Super Luck","Prankster",107,0,0,0,0,0,1,30,0.5,2.1,0.5,"Dusk Stone",1059860,"Murkrow",198
199,"Slowking","Water","Psychic",,95,75,80,100,110,30,"Oblivious","Own Tempo","Regenerator",164,0,0,0,0,3,0,70,2,79.5,0.5,"H:Kings Rock",1000000,"Slowking",199
200,"Misdreavus","Ghost",,,60,60,60,85,85,85,"Levitate",,,147,0,0,0,0,1,0,45,0.7,1,0.5,,800000,"Misdreavus",200
201,"Unown","Psychic",,,48,72,48,72,48,48,"Levitate",,,61,0,1,0,1,0,0,225,0.5,5,-1,,1000000,"Unown",201
202,"Wobbuffet","Psychic",,,190,33,58,33,58,33,"Shadow Tag",,"Telepathy",177,2,0,0,0,0,0,45,1.3,28.5,0.5,,1000000,"Wobbuffet",202
203,"Girafarig","Normal","Psychic",,70,80,65,90,65,85,"Inner Focus","Early Bird","Sap Sipper",149,0,0,0,2,0,0,60,1.5,41.5,0.5,,1000000,"Girafarig",203
204,"Pineco","Bug",,,50,65,90,35,35,15,"Sturdy",,"Overcoat",60,0,0,1,0,0,0,190,0.6,7.2,0.5,31,1000000,"Pineco",204
205,"Forretress","Bug","Steel",,75,90,140,60,60,40,"Sturdy",,"Overcoat",118,0,0,2,0,0,0,75,1.2,125.8,0.5,,1000000,"Forretress",205
206,"Dunsparce","Normal",,,100,70,70,65,65,45,"Serene Grace","Run Away","Rattled",125,1,0,0,0,0,0,190,1.5,14,0.5,,1000000,"Dunsparce",206
207,"Gligar","Ground","Flying",,65,75,105,35,65,85,"Hyper Cutter","Sand Veil","Immunity",108,0,0,1,0,0,0,60,1.1,64.8,0.5,"H:RazorFang",1059860,"Gligar",207
208,"Steelix","Steel","Ground",,75,85,200,55,65,30,"Rock Head","Sturdy","Sheer Force",196,0,0,2,0,0,0,25,9.2,400,0.5,"H:Metal Coat",1000000,"Steelix",208
209,"Snubbull","Normal",,,60,80,50,40,40,30,"Intimidate","Run Away","Rattled",63,0,1,0,0,0,0,190,0.6,7.8,0.25,23,800000,"Snubbull",209
210,"Granbull","Normal",,,90,120,75,60,60,45,"Intimidate","Quick Feet","Rattled",178,0,2,0,0,0,0,75,1.4,48.7,0.25,,800000,"Granbull",210
211,"Qwilfish","Water","Poison",,65,95,75,55,55,85,"Poison Point","Swift Swim","Intimidate",100,0,1,0,0,0,0,45,0.5,3.9,0.5,,1000000,"Qwilfish",211
212,"Scizor","Bug","Steel",,70,130,100,55,80,65,"Swarm","Technician","Light Metal",200,0,2,0,0,0,0,25,1.8,118,0.5,,1000000,"Scizor",212
213,"Shuckle","Bug","Rock",,20,10,230,10,230,5,"Sturdy","Gluttony","Contrary",80,0,0,1,0,1,0,190,0.6,20.5,0.5,,1059860,"Shuckle",213
214,"Heracross","Bug","Fighting",,80,125,75,40,95,85,"Swarm","Guts","Moxie",200,0,2,0,0,0,0,45,1.5,54,0.5,,1250000,"Heracross",214
215,"Sneasel","Dark","Ice",,55,95,55,35,75,115,"Inner Focus","Keen Eye","Pickpocket",132,0,0,0,0,0,1,60,0.9,28,0.5,"H:RazorClaw",1059860,"Sneasel",215
216,"Teddiursa","Normal",,,60,80,50,50,50,40,"Pick Up","Quick Feet","Honey Gather",124,0,1,0,0,0,0,120,0.6,8.8,0.5,30,1000000,"Teddiursa",216
217,"Ursaring","Normal",,,90,130,75,75,75,55,"Guts","Quick Feet","Unnerve",189,0,2,0,0,0,0,60,1.8,125.8,0.5,,1000000,"Ursaring",217
218,"Slugma","Fire",,,40,40,40,70,40,20,"Magma Armor","Flame Body","Weak Armor",78,0,0,0,1,0,0,190,0.7,35,0.5,38,1000000,"Slugma",218
219,"Magcargo","Fire","Rock",,50,50,120,80,80,30,"Magma Armor","Flame Body","Weak Armor",154,0,0,2,0,0,0,75,0.8,55,0.5,,1000000,"Magcargo",219
220,"Swinub","Ice","Ground",,50,50,40,30,30,50,"Oblivious","Snow Cloak","Thick Fat",78,0,1,0,0,0,0,225,0.4,6.5,0.5,33,1250000,"Swinub",220
221,"Piloswine","Ice","Ground",,100,100,80,60,60,50,"Oblivious","Snow Cloak","Thick Fat",160,1,1,0,0,0,0,75,1.1,55.8,0.5,,1250000,"Piloswine",221
222,"Corsola","Water","Rock",,55,55,85,65,85,35,"Hustle","Natural Cure","Regenerator",113,0,0,1,0,1,0,60,0.6,5,0.25,,800000,"Corsola",222
223,"Remoraid","Water",,,35,65,35,65,35,65,"Hustle","Sniper","Moody",78,0,0,0,1,0,0,190,0.6,12,0.5,25,1000000,"Remoraid",223
224,"Octillery","Water",,,75,105,75,105,75,45,"Suction Cups","Sniper","Moody",164,0,1,0,1,0,0,75,0.9,28.5,0.5,,1000000,"Octillery",224
225,"Delibird","Ice","Flying",,45,55,45,65,45,75,"Vital Spirit","Hustle","Insomnia",183,0,0,0,0,0,1,45,0.9,16,0.5,,800000,"Delibird",225
226,"Mantine","Water","Flying",,65,40,70,80,140,70,"Swift Swim","Water Absorb","Water Veil",168,0,0,0,0,2,0,25,2.1,220,0.5,"Friendship",1250000,"Mantine",226
227,"Skarmory","Steel","Flying",,65,80,140,40,70,70,"Keen Eye","Sturdy","Weak Armor",168,0,0,2,0,0,0,25,1.7,50.5,0.5,,1250000,"Skarmory",227
228,"Houndour","Dark","Fire",,45,60,30,80,50,65,"Early Bird","Flash Fire","Unnerve",114,0,0,0,1,0,0,120,0.6,10.8,0.5,24,1250000,"Houndour",228
229,"Houndoom","Dark","Fire",,75,90,50,110,80,95,"Early Bird","Flash Fire","Unnerve",204,0,0,0,0,2,0,45,1.4,35,0.5,,1250000,"Houndoom",229
230,"Kingdra","Water","Dragon",,75,95,95,95,95,85,"Swift Swim","Sniper","Damp",207,0,1,0,1,1,0,45,1.8,152,0.5,"Trade h/ Dragon Scale",1000000,"Kingdra",230
231,"Phanpy","Ground",,,90,60,60,40,40,40,"Pickup",,"Sand Veil",124,1,0,0,0,0,0,120,0.5,33.5,0.5,,1000000,"Phanpy",231
232,"Donphan","Ground",,,90,120,120,60,60,50,"Sturdy",,"Sand Veil",189,0,1,1,0,0,0,60,1.1,120,0.5,"Lv. 25",1000000,"Donphan",232
233,"Porygon2","Normal",,,85,80,90,105,95,60,"Trace","Download","Analytic",180,0,0,0,2,0,0,45,0.6,32.5,-1,"Trade w/ Up-Grade",1000000,"Porygon2",233
234,"Stantler","Normal",,,73,95,62,85,65,85,"Intimidate","Frisk","Sap Sipper",165,0,1,0,0,0,0,45,1.4,71.2,0.5,"N",1250000,"Stantler",234
235,"Smeargle","Normal",,,55,20,35,20,45,75,"Own Tempo","Technician","Moody",106,0,0,0,0,0,1,45,1.2,58,0.5,"N",800000,"Smeargle",235
236,"Tyrogue","Fighting",,,35,35,35,35,35,35,"Guts","Steadfast","Vital Spirit",91,0,1,0,0,0,0,75,0.7,21,1,,1000000,"Tyrogue",236
237,"Hitmontop","Fighting",,,50,95,95,35,110,70,"Intimidate","Technician","Steadfast",138,0,0,0,0,2,0,45,1.4,48,1,"Lv. 20 (Atk=Def)",1000000,"Hitmontop",237
238,"Smoochum","Ice","Psychic",,45,30,15,85,65,65,"Oblivious","Forewarn","Hydration",87,0,0,0,1,0,0,45,0.4,6,0,,1000000,"Smoochum",238
239,"Elekid","Electric",,,45,63,37,65,55,95,"Static",,"Vital Spirit",106,0,0,0,0,0,1,45,0.6,23.5,0.75,,1000000,"Elekid",239
240,"Magby","Fire",,,45,75,37,70,55,83,"Flame Body",,"Vital Spirit",117,0,0,0,0,0,1,45,0.7,21.4,0.75,,1000000,"Magby",240
241,"Miltank","Normal",,,95,80,105,40,70,100,"Thick Fat","Scrappy","Sap Sipper",200,0,0,2,0,0,0,45,1.2,75.5,0,"N",1250000,"Miltank",241
242,"Blissey","Normal",,,255,10,10,75,135,55,"Natural Cure","Serene Grace","Healer",255,3,0,0,0,0,0,30,1.5,46.8,0,"Friendship",800000,"Blissey",242
243,"Raikou","Electric",,,90,85,75,115,100,115,"Pressure",,"Volt Absorb",216,0,0,0,1,0,2,3,1.9,178,-1,"N",1250000,"Raikou",243
244,"Entei","Fire",,,115,115,85,90,75,100,"Pressure",,"Flash Fire",217,1,2,0,0,0,0,3,2.1,198,-1,"N",1250000,"Entei",244
245,"Suicune","Water",,,100,75,115,90,115,85,"Pressure",,"Water Absorb",215,0,0,1,0,2,0,3,2,187,-1,"N",1250000,"Suicune",245
246,"Larvitar","Rock","Ground",,50,64,50,45,50,41,"Guts",,"Sand Veil",67,0,1,0,0,0,0,45,0.6,72,0.5,,1250000,"Larvitar",246
247,"Pupitar","Rock","Ground",,70,84,70,65,70,51,"Shed Skin",,,144,0,2,0,0,0,0,45,1.2,152,0.5,"Lv. 30",1250000,"Pupitar",247
248,"Tyranitar","Rock","Dark",,100,134,110,95,100,61,"Sand Stream",,"Unnerve",218,0,3,0,0,0,0,45,2,202,0.5,"Lv. 55",1250000,"Tyranitar",248
249,"Lugia","Psychic","Flying",,106,90,130,90,154,110,"Pressure",,"Multiscale",220,0,0,0,0,3,0,3,5.2,216,-1,"N",1250000,"Lugia",249
250,"Ho-oh","Fire","Flying",,106,130,90,110,154,90,"Pressure",,"Regenerator",220,0,0,0,0,3,0,3,3.8,199,-1,"N",1250000,"Ho-oh",250
251,"Celebi","Psychic","Grass",,100,100,100,100,100,100,"Natural Cure",,,64,3,0,0,0,0,0,45,0.6,5,-1,"N",1059860,"Celebi",251
252,"Treecko","Grass",,,40,45,35,65,55,70,"Overgrow",,"Unburden",65,0,0,0,0,0,1,45,0.5,5,0.5,,1059860,"Treecko",252
253,"Grovyle","Grass",,,50,65,45,85,65,95,"Overgrow",,"Unburden",141,0,0,0,0,0,2,45,0.9,21.6,0.5,"Lv. 16",1059860,"Grovyle",253
254,"Sceptile","Grass",,,70,85,65,105,85,120,"Overgrow",,"Unburden",208,0,0,0,0,0,3,45,1.7,52.2,0.5,"Lv. 36",1059860,"Sceptile",254
255,"Torchic","Fire",,,45,60,40,70,50,45,"Blaze",,"Speed Boost",65,0,0,0,1,0,0,45,0.4,2.5,0.5,,1059860,"Torchic",255
256,"Combusken","Fire","Fighting",,60,85,60,85,60,55,"Blaze",,"Speed Boost",142,0,1,0,1,0,0,45,0.9,19.5,0.5,"Lv. 16",1059860,"Combusken",256
257,"Blaziken","Fire","Fighting",,80,120,70,110,70,80,"Blaze",,"Speed Boost",209,0,3,0,0,0,0,45,1.9,52,0.5,"Lv. 36",1059860,"Blaziken",257
258,"Mudkip","Water",,,50,70,50,50,50,40,"Torrent",,"Damp",65,0,1,0,0,0,0,45,0.4,7.6,0.5,,1059860,"Mudkip",258
259,"Marshtomp","Water","Ground",,70,85,70,60,70,50,"Torrent",,"Damp",143,0,2,0,0,0,0,45,0.7,28,0.5,"Lv. 16",1059860,"Marshtomp",259
260,"Swampert","Water","Ground",,100,110,90,85,90,60,"Torrent",,"Damp",210,0,3,0,0,0,0,45,1.5,81.9,0.5,"Lv. 36",1059860,"Swampert",260
261,"Poochyena","Dark",,,35,55,35,30,30,35,"Run Away","Quick Feet","Rattled",55,0,1,0,0,0,0,255,0.5,13.6,0.5,,1000000,"Poochyena",261
262,"Mightyena","Dark",,,70,90,70,60,60,70,"Intimidate","Quick Feet","Moxie",128,0,2,0,0,0,0,127,1,37,0.5,"Lv. 18",1000000,"Mightyena",262
263,"Zigzagoon","Normal",,,38,30,41,30,41,60,"Pick Up","Gluttony","Quick Feet",60,0,0,0,0,0,1,255,0.4,17.5,0.5,,1000000,"Zigzagoon",263
264,"Linoone","Normal",,,78,70,61,50,61,100,"Pick Up","Gluttony","Quick Feet",128,0,0,0,0,0,2,90,0.5,32.5,0.5,"Lv. 20",1000000,"Linoone",264
265,"Wurmple","Bug",,,45,45,35,20,30,20,"Shield Dust",,"Run Away",54,1,0,0,0,0,0,255,0.3,3.6,0.5,,1000000,"Wurmple",265
266,"Silcoon","Bug",,,50,35,55,25,25,15,"Shed Skin",,,72,0,0,2,0,0,0,120,0.6,10,0.5,"Lv. 7",1000000,"Silcoon",266
267,"Beautifly","Bug","Flying",,60,70,50,90,50,65,"Swarm",,"Rivalry",161,0,0,0,3,0,0,45,1,28.4,0.5,"Lv. 10",1000000,"Beautifly",267
268,"Cascoon","Bug",,,50,35,55,25,25,15,"Shed Skin",,,72,0,0,2,0,0,0,120,0.7,11.5,0.5,"Lv. 7",1000000,"Cascoon",268
269,"Dustox","Bug","Poison",,60,50,70,50,90,65,"Shield Dust",,"Compound Eyes",161,0,0,0,0,3,0,45,1.2,31.6,0.5,"Lv. 10",1000000,"Dustox",269
270,"Lotad","Water","Grass",,40,30,30,40,50,30,"Swift Swim","Rain Dish","Own Tempo",74,0,0,0,0,1,0,255,0.5,2.6,0.5,,1059860,"Lotad",270
271,"Lombre","Water","Grass",,60,50,50,60,70,50,"Swift Swim","Rain Dish","Own Tempo",141,0,0,0,0,2,0,120,1.2,32.5,0.5,"Lv. 14",1059860,"Lombre",271
272,"Ludicolo","Water","Grass",,80,70,70,90,100,70,"Swift Swim","Rain Dish","Own Tempo",181,0,0,0,0,3,0,45,1.5,55,0.5,"Water Stone",1059860,"Ludicolo",272
273,"Seedot","Grass",,,40,40,50,30,30,30,"Chlorophyll","Early Bird","Pickpocket",74,0,0,1,0,0,0,255,0.5,4,0.5,,1059860,"Seedot",273
274,"Nuzleaf","Grass","Dark",,70,70,40,60,40,60,"Chlorophyll","Early Bird","Pickpocket",141,0,2,0,0,0,0,120,1,28,0.5,"Lv. 14",1059860,"Nuzleaf",274
275,"Shiftry","Grass","Dark",,90,100,60,90,60,80,"Chlorophyll","Early Bird","Pickpocket",181,0,3,0,0,0,0,45,1.3,59.6,0.5,"Leaf Stone",1059860,"Shiftry",275
276,"Taillow","Normal","Flying",,40,55,30,30,30,85,"Guts",,"Scrappy",59,0,0,0,0,0,1,200,0.3,2.3,0.5,,1059860,"Taillow",276
277,"Swellow","Normal","Flying",,60,85,60,50,50,125,"Guts",,"Scrappy",162,0,0,0,0,0,2,45,0.7,19.8,0.5,"Lv. 22",1059860,"Swellow",277
278,"Wingull","Water","Flying",,40,30,30,55,30,85,"Keen Eye",,"Rain Dish",64,0,0,0,0,0,1,190,0.6,9.5,0.5,,1000000,"Wingull",278
279,"Pelipper","Water","Flying",,60,50,100,85,70,65,"Keen Eye",,"Rain Dish",164,0,0,2,0,0,0,45,1.2,28,0.5,"Lv. 25",1000000,"Pelipper",279
280,"Ralts","Psychic",,,28,25,25,45,35,40,"Synchronize","Trace","Telepathy",70,0,0,0,1,0,0,235,0.4,6.6,0.5,,1250000,"Ralts",280
281,"Kirlia","Psychic",,,38,35,35,65,55,50,"Synchronize","Trace","Telepathy",140,0,0,0,2,0,0,120,0.8,20.2,0.5,"Lv. 20",1250000,"Kirlia",281
282,"Gardevoir","Psychic",,,68,65,65,125,115,80,"Synchronize","Trace","Telepathy",208,0,0,0,3,0,0,45,1.6,48.4,0.5,"Lv. 30",1250000,"Gardevoir",282
283,"Surskit","Bug","Water",,40,30,32,50,52,65,"Swift Swim",,"Rain Dish",63,0,0,0,0,0,1,200,0.5,1.7,0.5,,1000000,"Surskit",283
284,"Masquerain","Bug","Flying",,70,60,62,80,82,60,"Intimidate",,"Unnerve",128,0,0,0,1,1,0,75,0.8,3.6,0.5,"Lv. 22",1000000,"Masquerain",284
285,"Shroomish","Grass",,,60,40,60,40,60,35,"Effect Spore","Poison Heal","Quick Feet",65,1,0,0,0,0,0,255,0.4,4.5,0.5,,1640000,"Shroomish",285
286,"Breloom","Grass","Fighting",,60,130,80,60,60,70,"Effect Spore","Poison Heal","Technician",165,0,2,0,0,0,0,90,1.2,39.2,0.5,"Lv. 23",1640000,"Breloom",286
287,"Slakoth","Normal",,,60,60,60,35,35,30,"Truant",,,83,1,0,0,0,0,0,255,0.8,24,0.5,,1250000,"Slakoth",287
288,"Vigoroth","Normal",,,80,80,80,55,55,90,"Vital Spirit",,,126,0,0,0,0,0,2,120,1.4,46.5,0.5,"Lv. 18",1250000,"Vigoroth",288
289,"Slaking","Normal",,,150,160,100,95,65,100,"Truant",,,210,3,0,0,0,0,0,45,2,130.5,0.5,"Lv. 36",1250000,"Slaking",289
290,"Nincada","Bug","Ground",,31,45,90,30,30,40,"Compoundeyes",,"Run Away",65,0,0,1,0,0,0,255,0.5,5.5,0.5,,600000,"Nincada",290
291,"Ninjask","Bug","Flying",,61,90,45,50,50,160,"Speed Boost",,"Infiltrator",155,0,0,0,0,0,2,120,0.8,12,0.5,"Lv. 20",600000,"Ninjask",291
292,"Shedinja","Bug","Ghost",,1,90,45,30,30,40,"Wonder Guard",,,95,2,0,0,0,0,0,45,0.8,1.2,-1,"Lv. 20 t/ Empty Space",600000,"Shedinja",292
293,"Whismur","Normal",,,64,51,23,51,23,28,"Soundproof",,"Rattled",68,1,0,0,0,0,0,190,0.6,16.3,0.5,,1059860,"Whismur",293
294,"Loudred","Normal",,,84,71,43,71,43,48,"Soundproof",,"Scrappy",126,2,0,0,0,0,0,120,1,40.5,0.5,"Lv. 20",1059860,"Loudred",294
295,"Exploud","Normal",,,104,91,63,91,63,68,"Soundproof",,"Scrappy",184,3,0,0,0,0,0,45,1.5,84,0.5,"Lv. 40",1059860,"Exploud",295
296,"Makuhita","Fighting",,,72,60,30,20,30,25,"Thick Fat","Guts","Sheer Force",87,1,0,0,0,0,0,180,1,86.4,0.75,,1640000,"Makuhita",296
297,"Hariyama","Fighting",,,144,120,60,40,60,50,"Thick Fat","Guts","Sheer Force",184,2,0,0,0,0,0,200,2.3,253.8,0.75,"Lv. 24",1640000,"Hariyama",297
298,"Azurill","Normal",,,50,20,40,20,40,20,"Thick Fat","Huge Power","Sap Sipper",33,1,0,0,0,0,0,150,0.2,2,0.75,,800000,"Azurill",298
299,"Nosepass","Rock",,,30,45,135,45,90,30,"Sturdy","Magnet Pull","Sand Force",108,0,0,1,0,0,0,255,1,97,0.5,,1000000,"Nosepass",299
300,"Skitty","Normal",,,50,45,45,35,35,50,"Cute Charm","Normalize","Wonder Skin",65,0,0,0,0,0,1,255,0.6,11,0.25,,800000,"Skitty",300
301,"Delcatty","Normal",,,70,65,65,55,55,70,"Cute Charm","Normalize","Wonder Skin",138,1,0,0,0,0,1,60,1.1,32.6,0.25,"Moon Stone",800000,"Delcatty",301
302,"Sableye","Dark","Ghost",,50,75,75,65,65,50,"Keen Eye","Stall","Prankster",98,0,1,1,0,0,0,45,0.5,11,0.5,"N",1059860,"Sableye",302
303,"Mawile","Steel",,,50,85,85,55,55,50,"Hyper Cutter","Intimidate","Sheer Force",98,0,1,1,0,0,0,45,0.6,11.5,0.5,"N",800000,"Mawile",303
304,"Aron","Steel","Rock",,50,70,100,40,40,30,"Sturdy","Rock Head","Heavy Metal",96,0,0,1,0,0,0,180,0.4,60,0.5,,1250000,"Aron",304
305,"Lairon","Steel","Rock",,60,90,140,50,50,40,"Sturdy","Rock Head","Heavy Metal",152,0,0,2,0,0,0,90,0.9,120,0.5,"Lv. 32",1250000,"Lairon",305
306,"Aggron","Steel","Rock",,70,110,180,60,60,50,"Sturdy","Rock Head","Heavy Metal",205,0,0,3,0,0,0,45,2.1,360,0.5,"Lv. 42",1250000,"Aggron",306
307,"Meditite","Fighting","Psychic",,30,40,55,40,55,60,"Pure Power",,"Telepathy",91,0,0,0,0,0,1,180,0.6,11.2,0.5,,1000000,"Meditite",307
308,"Medicham","Fighting","Psychic",,60,60,75,60,75,80,"Pure Power",,"Telepathy",153,0,0,0,0,0,2,90,1.3,31.5,0.5,"Lv. 37",1000000,"Medicham",308
309,"Electrike","Electric",,,40,45,40,65,40,65,"Static","Lightningrod","Minus",104,0,0,0,0,0,1,120,0.6,15.2,0.5,,1250000,"Electrike",309
310,"Manectric","Electric",,,70,75,60,105,60,105,"Static","Lightningrod","Minus",168,0,0,0,0,0,2,45,1.5,40.2,0.5,"Lv. 26",1250000,"Manectric",310
311,"Plusle","Electric",,,60,50,40,85,75,95,"Plus",,,120,0,0,0,0,0,1,200,0.4,4.2,0.5,"N",1000000,"Plusle",311
312,"Minun","Electric",,,60,40,50,75,85,95,"Minus",,,120,0,0,0,0,0,1,200,0.4,4.2,0.5,"N",1000000,"Minun",312
313,"Volbeat","Bug",,,65,73,55,47,75,85,"Illuminate","Swarm","Prankster",146,0,0,0,0,0,1,150,0.7,17.7,1,"N",600000,"Volbeat",313
314,"Illumise","Bug",,,65,47,55,73,75,85,"Oblivious","Tinted Lens","Prankster",146,0,0,0,0,0,1,150,0.6,17.7,0,"N",1640000,"Illumise",314
315,"Roselia","Grass","Poison",,50,60,45,100,80,65,"Natural Cure","Poison Point","Leaf Guard",152,0,0,0,2,0,0,150,0.3,2,0.5,"Morn/Day Friendship",1059860,"Roselia",315
316,"Gulpin","Poison",,,70,43,53,43,53,40,"Liquid Ooze","Sticky Hold","Gluttony",75,1,0,0,0,0,0,225,0.4,10.3,0.5,,1640000,"Gulpin",316
317,"Swalot","Poison",,,100,73,83,73,83,55,"Liquid Ooze","Sticky Hold","Gluttony",168,2,0,0,0,0,0,75,1.7,80,0.5,"Lv. 26",1640000,"Swalot",317
318,"Carvanha","Water","Dark",,45,90,20,65,20,65,"White Smoke",,"Speed Boost",88,0,1,0,0,0,0,225,0.8,20.8,0.5,,1250000,"Carvanha",318
319,"Sharpedo","Water","Dark",,70,120,40,95,40,95,"White Smoke",,"Speed Boost",175,0,2,0,0,0,0,60,1.8,88.8,0.5,"Lv. 30",1250000,"Sharpedo",319
320,"Wailmer","Water",,,130,70,35,70,35,60,"Water Veil","Oblivious","Pressure",137,1,0,0,0,0,0,125,2,130,0.5,,1640000,"Wailmer",320
321,"Wailord","Water",,,170,90,45,90,45,60,"Water Veil","Oblivious","Pressure",206,2,0,0,0,0,0,60,14.5,398,0.5,"Lv. 40",1640000,"Wailord",321
322,"Numel","Fire","Ground",,60,60,40,65,45,35,"Oblivious","Simple","Own Tempo",88,0,0,0,1,0,0,255,0.7,24,0.5,,1000000,"Numel",322
323,"Camerupt","Fire","Ground",,70,100,70,105,75,40,"Magma Armor","Solid Rock","Anger Point",175,0,1,0,1,0,0,150,1.9,220,0.5,"Lv. 33",1000000,"Camerupt",323
324,"Torkoal","Fire",,,70,85,140,85,70,20,"White Smoke",,"Shell Armor",161,0,0,2,0,0,0,90,0.5,80.4,0.5,"N",1000000,"Torkoal",324
325,"Spoink","Psychic",,,60,25,35,70,80,60,"Thick Fat","Own Tempo","Gluttony",89,0,0,0,0,1,0,255,0.7,30.6,0.5,,800000,"Spoink",325
326,"Grumpig","Psychic",,,80,45,65,90,110,80,"Thick Fat","Own Tempo","Gluttony",164,0,0,0,0,2,0,60,0.9,71.5,0.5,"Lv. 32",800000,"Grumpig",326
327,"Spinda","Normal",,,60,60,60,60,60,60,"Own Tempo","Tangled Feet","Contrary",85,0,0,0,1,0,0,255,1.1,5,0.5,"N",800000,"Spinda",327
328,"Trapinch","Ground",,,45,100,45,45,45,10,"Hyper Cutter","Arena Trap","Sheer Force",73,0,1,0,0,0,0,255,0.7,15,0.5,,1059860,"Trapinch",328
329,"Vibrava","Ground","Dragon",,50,70,50,50,50,70,"Levitate",,,126,0,1,0,0,0,1,120,1.1,15.3,0.5,"Lv. 35",1059860,"Vibrava",329
330,"Flygon","Ground","Dragon",,80,100,80,80,80,100,"Levitate",,,197,0,1,0,0,0,2,45,2,82,0.5,"Lv. 45",1059860,"Flygon",330
331,"Cacnea","Grass",,,50,85,40,85,40,35,"Sand Veil",,"Water Absorb",97,0,0,0,1,0,0,190,0.4,51.3,0.5,,1059860,"Cacnea",331
332,"Cacturne","Grass","Dark",,70,115,60,115,60,55,"Sand Veil",,"Water Absorb",177,0,1,0,1,0,0,60,1.3,77.4,0.5,"Lv. 32",1059860,"Cacturne",332
333,"Swablu","Normal","Flying",,45,40,60,40,75,50,"Natural Cure",,"Cloud Nine",74,0,0,0,0,1,0,255,0.4,1.2,0.5,,600000,"Swablu",333
334,"Altaria","Dragon","Flying",,75,70,90,70,105,80,"Natural Cure",,"Cloud Nine",188,0,0,0,0,2,0,45,1.1,20.6,0.5,"Lv. 35",600000,"Altaria",334
335,"Zangoose","Normal",,,73,115,60,60,60,90,"Immunity",,"Toxic Boost",165,0,2,0,0,0,0,90,1.3,40.3,0.5,"N",600000,"Zangoose",335
336,"Seviper","Poison",,,73,100,60,100,60,65,"Shed Skin",,"Infiltrator",165,0,1,0,1,0,0,90,2.7,52.5,0.5,"N",1640000,"Seviper",336
337,"Lunatone","Rock","Psychic",,70,55,65,95,85,70,"Levitate",,,150,0,0,0,2,0,0,45,1,168,-1,"N",800000,"Lunatone",337
338,"Solrock","Rock","Psychic",,70,95,85,55,65,70,"Levitate",,,150,0,2,0,0,0,0,45,1.2,154,-1,"N",800000,"Solrock",338
339,"Barboach","Water","Ground",,50,48,43,46,41,60,"Oblivious","Anticipation","Hydration",92,1,0,0,0,0,0,190,0.4,1.9,0.5,,1000000,"Barboach",339
340,"Whiscash","Water","Ground",,110,78,73,76,71,60,"Oblivious","Anticipation","Hydration",158,2,0,0,0,0,0,75,0.9,23.6,0.5,"Lv. 30",1000000,"Whiscash",340
341,"Corphish","Water",,,43,80,65,50,35,35,"Hyper Cutter","Shell Armor","Adaptability",111,0,1,0,0,0,0,205,0.6,11.5,0.5,,1640000,"Corphish",341
342,"Crawdaunt","Water","Dark",,63,120,85,90,55,55,"Hyper Cutter","Shell Armor","Adaptability",161,0,2,0,0,0,0,155,1.1,32.8,0.5,"Lv. 30",1640000,"Crawdaunt",342
343,"Baltoy","Ground","Psychic",,40,40,55,40,70,55,"Levitate",,,58,0,0,0,0,1,0,255,0.5,21.5,-1,,1000000,"Baltoy",343
344,"Claydol","Ground","Psychic",,60,70,105,70,120,75,"Levitate",,,189,0,0,0,0,2,0,90,1.5,108,-1,"Lv. 36",1000000,"Claydol",344
345,"Lileep","Rock","Grass",,66,41,77,61,87,23,"Suction Cups",,"Storm Drain",99,0,0,0,0,1,0,45,1,23.8,0.5,,600000,"Lileep",345
346,"Cradily","Rock","Grass",,86,81,97,81,107,43,"Suction Cups",,"Storm Drain",199,0,0,0,0,2,0,45,1.5,60.4,0.5,"Lv. 40",600000,"Cradily",346
347,"Anorith","Rock","Bug",,45,95,50,40,50,75,"Battle Armor",,"Swift Swim",99,0,1,0,0,0,0,45,0.7,12.5,0.5,,600000,"Anorith",347
348,"Armaldo","Rock","Bug",,75,125,100,70,80,45,"Battle Armor",,"Swift Swim",199,0,2,0,0,0,0,45,1.5,68.2,0.5,"Lv. 40",600000,"Armaldo",348
349,"Feebas","Water",,,20,15,20,10,55,80,"Swift Swim",,"Adaptability",61,0,0,0,0,0,1,255,0.6,7.4,0.5,,600000,"Feebas",349
350,"Milotic","Water",,,95,60,79,100,125,81,"Marvel Scale",,"Cute Charm",213,0,0,0,0,2,0,60,6.2,162,0.5,"Level w/ Max Beauty",600000,"Milotic",350
351,"Castform","Normal",,,70,70,70,70,70,70,"Forecast",,,145,1,0,0,0,0,0,45,0.3,0.8,0.5,"N",1000000,"Castform",351
352,"Kecleon","Normal",,,60,90,70,60,120,40,"Color Change",,,132,0,0,0,0,1,0,200,1,22,0.5,"N",1059860,"Kecleon",352
353,"Shuppet","Ghost",,,44,75,35,63,33,45,"Insomnia","Frisk","Cursed Body",97,0,1,0,0,0,0,225,0.6,2.3,0.5,,800000,"Shuppet",353
354,"Banette","Ghost",,,64,115,65,83,63,65,"Insomnia","Frisk","Cursed Body",179,0,2,0,0,0,0,45,1.1,12.5,0.5,"Lv. 37",800000,"Banette",354
355,"Duskull","Ghost",,,20,40,90,30,90,25,"Levitate",,,97,0,0,0,0,1,0,190,0.8,15,0.5,,800000,"Duskull",355
356,"Dusclops","Ghost",,,40,70,130,60,130,25,"Pressure",,,179,0,0,1,0,1,0,90,1.6,30.6,0.5,"Lv. 37",800000,"Dusclops",356
357,"Tropius","Grass","Flying",,99,68,83,72,87,51,"Chlorophyll","Solar Power","Harvest",169,2,0,0,0,0,0,200,2,100,0.5,"N",1250000,"Tropius",357
358,"Chimecho","Psychic",,,65,50,70,95,80,65,"Levitate",,,147,0,0,0,1,1,0,45,0.6,1,0.5,"Nite Friendship",800000,"Chimecho",358
359,"Absol","Dark",,,65,130,60,75,60,75,"Pressure","Super Luck","Justified",174,0,2,0,0,0,0,30,1.2,47,0.5,"N",1059860,"Absol",359
360,"Wynaut","Psychic",,,95,23,48,23,48,23,"Shadow Tag",,"Telepathy",44,1,0,0,0,0,0,125,0.6,14,0.5,,1000000,"Wynaut",360
361,"Snorunt","Ice",,,50,50,50,50,50,50,"Inner Focus","Ice Body","Moody",74,1,0,0,0,0,0,190,0.7,16.8,0.5,,1000000,"Snorunt",361
362,"Glalie","Ice",,,80,80,80,80,80,80,"Inner Focus","Ice Body","Moody",187,2,0,0,0,0,0,75,1.5,256.5,0.5,"Lv. 42",1000000,"Glalie",362
363,"Spheal","Ice","Water",,70,40,50,55,50,25,"Thick Fat","Ice Body","Oblivious",75,1,0,0,0,0,0,255,0.8,39.5,0.5,,1059860,"Spheal",363
364,"Sealeo","Ice","Water",,90,60,70,75,70,45,"Thick Fat","Ice Body","Oblivious",128,2,0,0,0,0,0,120,1.1,87.6,0.5,"Lv. 32",1059860,"Sealeo",364
365,"Walrein","Ice","Water",,110,80,90,95,90,65,"Thick Fat","Ice Body","Oblivious",192,3,0,0,0,0,0,45,1.4,150.6,0.5,"Lv. 44",1059860,"Walrein",365
366,"Clamperl","Water",,,35,64,85,74,55,32,"Shell Armor",,"Rattled",142,0,0,1,0,0,0,255,0.4,52.5,0.5,,600000,"Clamperl",366
367,"Huntail","Water",,,55,104,105,94,75,52,"Swift Swim",,"Water Veil",178,0,1,1,0,0,0,60,1.7,27,0.5,"Trade w/ Deepseatooth",600000,"Huntail",367
368,"Gorebyss","Water",,,55,84,105,114,75,52,"Swift Swim",,"Hydration",178,0,0,0,2,0,0,60,1.8,22.6,0.5,"Trade w/ Deepseascale",600000,"Gorebyss",368
369,"Relicanth","Water","Rock",,100,90,130,45,65,55,"Swift Swim","Rock Head","Sturdy",198,1,0,1,0,0,0,25,1,23.4,0.5,"N",1250000,"Relicanth",369
370,"Luvdisc","Water",,,43,30,55,40,65,97,"Swift Swim",,"Hydration",110,0,0,0,0,0,1,225,0.6,8.7,0.25,"N",800000,"Luvdisc",370
371,"Bagon","Dragon",,,45,75,60,40,30,50,"Rock Head",,"Sheer Force",89,0,1,0,0,0,0,45,0.6,42.1,0.5,,1250000,"Bagon",371
372,"Shelgon","Dragon",,,65,95,100,60,50,50,"Rock Head",,"Overcoat",144,0,0,2,0,0,0,45,1.1,110.5,0.5,"Lv. 30",1250000,"Shelgon",372
373,"Salamence","Dragon","Flying",,95,135,80,110,80,100,"Intimidate",,"Moxie",218,0,3,0,0,0,0,45,1.5,102.6,0.5,"Lv. 50",1250000,"Salamence",373
374,"Beldum","Steel","Psychic",,40,55,80,35,60,30,"Clear Body",,"Light Metal",103,0,0,1,0,0,0,3,0.6,95.2,-1,,1250000,"Beldum",374
375,"Metang","Steel","Psychic",,60,75,100,55,80,50,"Clear Body",,"Light Metal",153,0,0,2,0,0,0,3,1.2,202.5,-1,"Lv. 20",1250000,"Metang",375
376,"Metagross","Steel","Psychic",,80,135,130,95,90,70,"Clear Body",,"Light Metal",210,0,0,3,0,0,0,3,1.6,550,-1,"Lv. 45",1250000,"Metagross",376
377,"Regirock","Rock",,,80,100,200,50,100,50,"Clear Body",,"Sturdy",217,0,0,3,0,0,0,3,1.7,230,-1,"N",1250000,"Regirock",377
378,"Regice","Ice",,,80,50,100,100,200,50,"Clear Body",,"Ice Body",216,0,0,0,0,3,0,3,1.8,175,-1,"N",1250000,"Regice",378
379,"Registeel","Steel",,,80,75,150,75,150,50,"Clear Body",,"Light Metal",215,0,0,2,0,1,0,3,1.9,205,-1,"N",1250000,"Registeel",379
380,"Latias","Dragon","Psychic",,80,80,90,110,130,110,"Levitate",,,211,0,0,0,0,3,0,3,1.4,40,0,"N",1250000,"Latias",380
381,"Latios","Dragon","Psychic",,80,90,80,130,110,110,"Levitate",,,211,0,0,0,3,0,0,3,2,60,1,"N",1250000,"Latios",381
382,"Kyogre","Water",,,100,100,90,150,140,90,"Drizzle",,,218,0,0,0,3,0,0,5,4.5,352,-1,"N",1250000,"Kyogre",382
383,"Groudon","Ground",,,100,150,140,100,90,90,"Drought",,,218,0,3,0,0,0,0,5,3.5,950,-1,"N",1250000,"Groudon",383
384,"Rayquaza","Dragon","Flying",,105,150,90,150,90,95,"Air Lock",,,220,0,2,0,1,0,0,3,7,206.5,-1,"N",1250000,"Rayquaza",384
385,"Jirachi","Steel","Psychic",,100,100,100,100,100,100,"Serene Grace",,,215,3,0,0,0,0,0,3,0.3,1.1,-1,"N",1250000,"Jirachi",385
386,"Deoxys-A","Psychic",,,50,180,20,180,20,150,"Pressure",,,215,0,2,0,1,0,0,3,1.7,60.8,-1,"N",1250000,"Deoxys-A",386
386,"Deoxys-D","Psychic",,,50,70,160,70,160,90,"Pressure",,,215,0,0,2,0,1,0,3,1.7,60.8,-1,"N",1250000,"Deoxys-D",386
386,"Deoxys-N","Psychic",,,50,150,50,150,50,150,"Pressure",,,215,0,1,0,0,1,1,3,1.7,60.8,-1,"N",1250000,"Deoxys-N",386
386,"Deoxys-S","Psychic",,,50,95,90,95,90,180,"Pressure",,,215,0,0,0,0,0,3,3,1.7,60.8,-1,"N",1250000,"Deoxys-S",386
387,"Turtwig","Grass",,,55,68,64,45,55,31,"Overgrow",,"Shell Armor",64,0,1,0,0,0,0,45,0.4,10.2,0.5,,1059860,"Turtwig",387
388,"Grotle","Grass",,,75,89,85,55,65,36,"Overgrow",,"Shell Armor",141,0,1,1,0,0,0,45,1.1,97,0.5,"Lv. 18",1059860,"Grotle",388
389,"Torterra","Grass","Ground",,95,109,105,75,85,56,"Overgrow",,"Shell Armor",208,0,2,1,0,0,0,45,2.2,310,0.5,"Lv. 32",1059860,"Torterra",389
390,"Chimchar","Fire",,,44,58,44,58,44,61,"Blaze",,"Iron Fist",65,0,0,0,0,0,1,45,0.5,6.2,0.5,,1059860,"Chimchar",390
391,"Monferno","Fire","Fighting",,64,78,52,78,52,81,"Blaze",,"Iron Fist",142,0,0,0,0,1,1,45,0.9,22,0.5,"Lv. 14",1059860,"Monferno",391
392,"Infernape","Fire","Fighting",,76,104,71,104,71,108,"Blaze",,"Iron Fist",209,0,1,0,0,1,1,45,1.2,55,0.5,"Lv. 36",1059860,"Infernape",392
393,"Piplup","Water",,,53,51,53,61,56,40,"Torrent",,"Defiant",66,0,0,0,1,0,0,45,0.4,5.2,0.5,,1059860,"Piplup",393
394,"Prinplup","Water",,,64,66,68,81,76,50,"Torrent",,"Defiant",143,0,0,0,2,0,0,45,0.8,23,0.5,"Lv. 16",1059860,"Prinplup",394
395,"Empoleon","Water","Steel",,84,86,88,111,101,60,"Torrent",,"Defiant",210,0,0,0,3,0,0,45,1.7,84.5,0.5,"Lv. 36",1059860,"Empoleon",395
396,"Starly","Normal","Flying",,40,55,30,30,30,60,"Keen Eye",,"Reckless",56,0,0,0,0,0,1,255,0.3,2,0.5,,1059860,"Starly",396
397,"Staravia","Normal","Flying",,55,75,50,40,40,80,"Intimidate",,"Reckless",113,0,0,0,0,0,2,120,0.6,15.5,0.5,"Lv. 14",1059860,"Staravia",397
398,"Staraptor","Normal","Flying",,85,120,70,50,50,100,"Intimidate",,"Reckless",172,0,3,0,0,0,0,45,1.2,24.9,0.5,"Lv. 34",1059860,"Staraptor",398
399,"Bidoof","Normal",,,59,45,40,35,40,31,"Simple","Unaware","Moody",58,1,0,0,0,0,0,255,0.5,20,0.5,,1000000,"Bidoof",399
400,"Bibarel","Normal","Water",,79,85,60,55,60,71,"Simple","Unaware","Moody",116,0,2,0,0,0,0,127,1,31.5,0.5,"Lv. 15",1000000,"Bibarel",400
401,"Kricketot","Bug",,,37,25,41,25,41,25,"Shed Skin",,"Run Away",54,0,0,1,0,0,0,255,0.3,2.2,0.5,,1059860,"Kricketot",401
402,"Kricketune","Bug",,,77,85,51,55,51,65,"Swarm",,"Technician",159,0,2,0,0,0,0,45,1,25.5,0.5,"Lv. 10",1059860,"Kricketune",402
403,"Shinx","Electric",,,45,65,34,40,34,45,"Rivalry","Intimidate","Guts",60,0,1,0,0,0,0,235,0.5,9.5,0.5,,1059860,"Shinx",403
404,"Luxio","Electric",,,60,85,49,60,49,60,"Rivalry","Intimidate","Guts",117,0,2,0,0,0,0,120,0.9,30.5,0.5,"Lv. 15",1059860,"Luxio",404
405,"Luxray","Electric",,,80,120,79,95,79,70,"Rivalry","Intimidate","Guts",194,0,3,0,0,0,0,45,1.4,42,0.5,"Lv. 30",1059860,"Luxray",405
406,"Budew","Grass","Poison",,40,30,35,50,70,55,"Natural Cure","Poison Point","Leaf Guard",68,0,0,0,1,0,0,255,0.2,1.2,0.5,,1059860,"Budew",406
407,"Roserade","Grass","Poison",,60,70,55,125,105,90,"Natural Cure","Poison Point","Technician",204,0,0,0,3,0,0,75,0.9,14.5,0.5,"Shiny Stone",1059860,"Roserade",407
408,"Cranidos","Rock",,,67,125,40,30,30,58,"Mold Breaker",,"Sheer Force",99,0,1,0,0,0,0,45,0.9,31.5,0.5,,600000,"Cranidos",408
409,"Rampardos","Rock",,,97,165,60,65,50,58,"Mold Breaker",,"Sheer Force",199,0,2,0,0,0,0,45,1.6,102.5,0.5,"Lv. 30",600000,"Rampardos",409
410,"Shieldon","Rock","Steel",,30,42,118,42,88,30,"Sturdy",,"Soundproof",99,0,0,1,0,0,0,45,0.5,57,0.5,,600000,"Shieldon",410
411,"Bastiodon","Rock","Steel",,60,52,168,47,138,30,"Sturdy",,"Soundproof",199,0,0,2,0,0,0,45,1.3,149.5,0.5,"Lv. 30",600000,"Bastiodon",411
412,"Burmy","Bug",,,40,29,45,29,45,36,"Shed Skin",,"Overcoat",61,0,0,0,0,1,0,120,0.2,3.4,0.5,,1000000,"Burmy",412
413,"Wormadam","Bug","Grass",,60,59,85,79,105,36,"Anticipation",,"Overcoat",159,0,0,0,0,2,0,45,0.5,6.5,0,"Lv. 20F Plant Cloak",1000000,"Wormadam",413
413,"Wormadam-G","Bug","Ground",,60,79,105,59,85,36,"Anticipation",,"Overcoat",159,0,0,2,0,0,0,45,0.5,6.5,0,"Lv. 20F Sand Cloak",1000000,"Wormadam-G",413
413,"Wormadam-S","Bug","Steel",,60,69,95,69,95,36,"Anticipation",,"Overcoat",159,0,0,1,0,1,0,45,0.5,6.5,0,"Lv. 20F Trash Cloak",1000000,"Wormadam-S",413
414,"Mothim","Bug","Flying",,70,94,50,94,50,66,"Swarm",,"Tinted Lens",159,0,1,0,1,0,0,45,0.9,23.3,1,"Lv. 20M",1000000,"Mothim",414
415,"Combee","Bug","Flying",,30,30,42,30,42,70,"Honey Gather",,"Hustle",63,0,0,0,0,0,1,120,0.3,5.5,0.88,,1059860,"Combee",415
416,"Vespiquen","Bug","Flying",,70,80,102,80,102,40,"Pressure",,"Unnerve",188,0,0,1,0,1,0,45,1.2,38.5,0,"Lv. 21F",1059860,"Vespiquen",416
417,"Pachirisu","Electric",,,60,45,70,45,90,95,"Run Away","Pick Up","Volt Absorb",120,0,0,0,0,0,1,200,0.4,3.9,0.5,"N",1000000,"Pachirisu",417
418,"Buizel","Water",,,55,65,35,60,30,85,"Swift Swim",,"Water Veil",75,0,0,0,0,0,1,190,0.7,29.5,0.5,,1000000,"Buizel",418
419,"Floatzel","Water",,,85,105,55,85,50,115,"Swift Swim",,"Water Veil",178,0,0,0,0,0,2,75,1.1,33.5,0.5,"Lv. 26",1000000,"Floatzel",419
420,"Cherubi","Grass",,,45,35,45,62,53,35,"Chlorophyll",,,68,0,0,0,1,0,0,190,0.4,3.3,0.5,,1000000,"Cherubi",420
421,"Cherrim","Grass",,,70,60,70,87,78,85,"Flower Gift",,,133,0,0,0,2,0,0,75,0.5,9.3,0.5,"Lv. 25",1000000,"Cherrim",421
422,"Shellos","Water",,,76,48,48,57,62,34,"Sticky Hold",,"Sand Force",73,1,0,0,0,0,0,190,0.3,6.3,0.5,,1000000,"Shellos",422
423,"Gastrodon","Water","Ground",,111,83,68,92,82,39,"Sticky Hold","Storm Drain","Sand Force",176,2,0,0,0,0,0,75,0.9,29.9,0.5,"Lv. 30",1000000,"Gastrodon",423
424,"Ambipom","Normal",,,75,100,66,60,66,115,"Technician","Pick Up","Skill Link",186,0,0,0,0,0,2,45,1.2,20.3,0.5,"Level w/ Double Hit",800000,"Ambipom",424
425,"Drifloon","Ghost","Flying",,90,50,34,60,44,70,"Aftermath","Unburden","Flare boost",127,1,0,0,0,0,0,125,0.4,1.2,0.5,,1640000,"Drifloon",425
426,"Drifblim","Ghost","Flying",,150,80,44,90,54,80,"Aftermath","Unburden","Flare boost",204,2,0,0,0,0,0,60,1.2,15,0.5,"Lv. 28",1640000,"Drifblim",426
427,"Buneary","Normal",,,55,66,44,44,56,85,"Run Away","Klutz","Limber",84,0,0,0,0,0,1,190,0.4,5.5,0.5,,1000000,"Buneary",427
428,"Lopunny","Normal",,,65,76,84,54,96,105,"Cute Charm","Klutz","Limber",178,0,0,0,0,0,2,60,1.2,33.3,0.5,"Friendship",1000000,"Lopunny",428
429,"Mismagius","Ghost",,,60,60,60,105,105,105,"Levitate",,,187,0,0,0,1,1,0,45,0.9,4.4,0.5,"Dusk Stone",800000,"Mismagius",429
430,"Honchkrow","Dark","Flying",,100,125,52,105,52,71,"Insomnia","Super Luck","Moxie",187,0,2,0,0,0,0,30,0.9,27.3,0.5,"Dusk Stone",1059860,"Honchkrow",430
431,"Glameow","Normal",,,49,55,42,42,37,85,"Limber","Own Tempo","Keen Eye",71,0,0,0,0,0,1,190,0.5,3.9,0.25,,800000,"Glameow",431
432,"Purugly","Normal",,,71,82,64,64,59,112,"Thick Fat","Own Tempo","Defiant",183,0,0,0,0,0,2,75,1,43.8,0.25,"Lv. 38",800000,"Purugly",432
433,"Chingling","Psychic",,,45,30,50,65,50,45,"Levitate",,,74,0,0,0,1,0,0,120,0.2,0.6,0.5,,800000,"Chingling",433
434,"Stunky","Poison","Dark",,63,63,47,41,41,74,"Stench","Aftermath","Keen Eye",79,0,0,0,0,0,1,225,0.4,19.2,0.5,,1000000,"Stunky",434
435,"Skuntank","Poison","Dark",,103,93,67,71,61,84,"Stench","Aftermath","Keen Eye",209,2,0,0,0,0,0,60,1,38,0.5,"Lv. 34",1000000,"Skuntank",435
436,"Bronzor","Steel","Psychic",,57,24,86,24,86,23,"Levitate","Heatproof","Heavy Metal",72,0,0,1,0,0,0,255,0.5,60.5,-1,,1000000,"Bronzor",436
437,"Bronzong","Steel","Psychic",,67,89,116,79,116,33,"Levitate","Heatproof","Heavy Metal",188,0,0,1,0,1,0,90,1.3,187,-1,"Lv. 33",1000000,"Bronzong",437
438,"Bonsly","Rock",,,50,80,95,10,45,10,"Sturdy","Rock Head","Rattled",68,0,0,1,0,0,0,255,0.5,15,0.5,,1000000,"Bonsly",438
439,"Mime Jr.","Psychic",,,20,25,45,70,90,60,"Soundproof","Filter","Technician",78,0,0,0,0,1,0,145,0.6,13,0.5,,1000000,"Mime Jr.",439
440,"Happiny","Normal",,,100,5,5,15,65,30,"Natural Cure","Serene Grace","Friend Guard",255,1,0,0,0,0,0,130,0.6,24.4,0,,800000,"Happiny",440
441,"Chatot","Normal","Flying",,76,65,45,92,42,91,"Keen Eye","Tangled Feet","Big Pecks",107,0,1,0,0,0,0,30,0.5,1.9,0.5,"N",1059860,"Chatot",441
442,"Spiritomb","Ghost","Dark",,50,92,108,92,108,35,"Pressure",,"Infiltrator",168,0,0,1,0,1,0,100,1,108,0.5,"N",1000000,"Spiritomb",442
443,"Gible","Dragon","Ground",,58,70,45,40,45,42,"Sand Veil",,"Rough Skin",67,0,1,0,0,0,0,45,0.7,20.5,0.5,,1250000,"Gible",443
444,"Gabite","Dragon","Ground",,68,90,65,50,55,82,"Sand Veil",,"Rough Skin",144,0,2,0,0,0,0,45,1.4,56,0.5,"Lv. 24",1250000,"Gabite",444
445,"Garchomp","Dragon","Ground",,108,130,95,80,85,102,"Sand Veil",,"Rough Skin",218,0,3,0,0,0,0,45,1.9,95,0.5,"Lv. 48",1250000,"Garchomp",445
446,"Munchlax","Normal",,,135,85,40,40,85,5,"Pickup","Thick Fat","Gluttony",94,1,0,0,0,0,0,50,0.6,105,0.5,,1250000,"Munchlax",446
447,"Riolu","Fighting",,,40,70,40,35,40,60,"Steadfast","Inner Focus","Prankster",72,0,1,0,0,0,0,75,0.7,20.2,0.5,,1059860,"Riolu",447
448,"Lucario","Fighting","Steel",,70,110,70,115,70,90,"Steadfast","Inner Focus","Justified",204,0,1,0,1,0,0,45,1.2,54,0.5,"Morn/Day Friendship",1059860,"Lucario",448
449,"Hippopotas","Ground",,,68,72,78,38,42,32,"Sand Stream",,"Sand Force",95,0,0,1,0,0,0,140,0.8,49.5,0.5,,1250000,"Hippopotas",449
450,"Hippowdon","Ground",,,108,112,118,68,72,47,"Sand Stream",,"Sand Force",198,0,0,2,0,0,0,60,2,300,0.5,"Lv. 34",1250000,"Hippowdon",450
451,"Skorupi","Poison","Bug",,40,50,90,30,55,65,"Battle Armor","Sniper","Keen Eye",114,0,0,1,0,0,0,120,0.8,12,0.5,,1250000,"Skorupi",451
452,"Drapion","Poison","Dark",,70,90,110,60,75,95,"Battle Armor","Sniper","Keen Eye",204,0,0,2,0,0,0,45,1.3,61.5,0.5,"Lv. 40",1250000,"Drapion",452
453,"Croagunk","Poison","Fighting",,48,61,40,61,40,50,"Anticipation","Dry Skin","Poison Touch",83,0,1,0,0,0,0,140,0.7,23,0.5,,1000000,"Croagunk",453
454,"Toxicroak","Poison","Fighting",,83,106,65,86,65,85,"Anticipation","Dry Skin","Poison Touch",181,0,2,0,0,0,0,75,1.3,44.4,0.5,"Lv. 37",1000000,"Toxicroak",454
455,"Carnivine","Grass",,,74,100,72,90,72,46,"Levitate",,,164,0,2,0,0,0,0,200,1.4,27,0.5,"N",1250000,"Carnivine",455
456,"Finneon","Water",,,49,49,56,49,61,66,"Swift Swim","Storm Drain","Water Veil",90,0,0,0,0,0,1,190,0.4,7,0.5,,600000,"Finneon",456
457,"Lumineon","Water",,,69,69,76,69,86,91,"Swift Swim","Storm Drain","Water Veil",156,0,0,0,0,0,2,75,1.2,24,0.5,"Lv. 31",600000,"Lumineon",457
458,"Mantyke","Water","Flying",,45,20,50,60,120,50,"Swift Swim","Water Absorb","Water Veil",108,0,0,0,0,1,0,25,1,65,0.5,,1250000,"Mantyke",458
459,"Snover","Grass","Ice",,60,62,50,62,60,40,"Snow Warning",,"Soundproof",131,0,1,0,0,0,0,120,1,50.5,0.5,,1250000,"Snover",459
460,"Abomasnow","Grass","Ice",,90,92,75,92,85,60,"Snow Warning",,"Soundproof",214,0,1,0,1,0,0,60,2.2,135.5,0.5,"Lv. 40",1250000,"Abomasnow",460
461,"Weavile","Dark","Ice",,70,120,65,45,85,125,"Pressure",,"Pickpocket",199,0,1,0,0,0,1,45,1.1,34,0.5,"Nite Level h/ Razor Claw",1059860,"Weavile",461
462,"Magnezone","Electric","Steel",,70,70,115,130,90,60,"Magnet Pull","Sturdy","Analytic",211,0,0,0,3,0,0,30,1.2,180,-1,"Level a/ Mt. Coronet",1000000,"Magnezone",462
463,"Lickilicky","Normal",,,110,85,95,80,95,50,"Own Tempo","Oblivious","Cloud Nine",193,3,0,0,0,0,0,30,1.7,140,0.5,"Level w/ Rollout",1000000,"Lickilicky",463
464,"Rhyperior","Ground","Rock",,115,140,130,55,55,40,"Lightningrod","Solid Rock","Reckless",217,0,3,0,0,0,0,30,2.4,282.8,0.5,"Trade h/ Protector",1250000,"Rhyperior",464
465,"Tangrowth","Grass",,,100,100,125,110,50,50,"Chlorophyll","Leaf Guard","Regenerator",211,0,0,2,0,0,0,30,2,128.6,0.5,"Level w/ Ancientpower",1000000,"Tangrowth",465
466,"Electivire","Electric",,,75,123,67,95,85,95,"Motor Drive",,"Vital Spirit",199,0,3,0,0,0,0,30,1.8,138.6,0.75,"Trade h/ Electrizer",1000000,"Electivire",466
467,"Magmortar","Fire",,,75,95,67,125,95,83,"Flame Body",,"Vital Spirit",199,0,0,0,3,0,0,30,1.6,68,0.75,"Trade h/ Magmarizer",1000000,"Magmortar",467
468,"Togekiss","Normal","Flying",,85,50,95,120,115,80,"Hustle","Serene Grace","Super Luck",220,0,0,0,2,1,0,30,1.5,38,0.5,"Shiny Stone",800000,"Togekiss",468
469,"Yanmega","Bug","Flying",,86,76,86,116,56,95,"Speed Boost","Tinted Lens","Frisk",198,0,2,0,0,0,0,30,1.9,51.5,0.5,"Level w/ Ancientpower",1000000,"Yanmega",469
470,"Leafeon","Grass",,,65,110,130,60,65,95,"Leaf Guard",,"Chlorophyll",196,0,0,2,0,0,0,45,1,25.5,0.5,"Level a/ Moss Rock",1000000,"Leafeon",470
471,"Glaceon","Ice",,,65,60,110,130,95,65,"Snow Cloak",,"Ice Body",196,0,0,0,2,0,0,45,0.8,25.9,0.5,"Level a/ Ice Rock",1000000,"Glaceon",471
472,"Gliscor","Ground","Flying",,75,95,125,45,75,95,"Hyper Cutter","Sand Veil","Poison Heal",192,0,0,2,0,0,0,30,2,42.5,0.5,"Nite Level h/ Razor Fang",1059860,"Gliscor",472
473,"Mamoswine","Ice","Ground",,110,130,80,70,60,80,"Oblivious","Snow Cloak","Thick Fat",207,0,3,0,0,0,0,50,2.5,291,0.5,"Level w/ Ancientpower",1250000,"Mamoswine",473
474,"Porygon-Z","Normal",,,85,80,70,135,75,90,"Adaptability","Download","Analytic",185,0,0,0,3,0,0,30,0.9,34,-1,"Trade w/ Dubious Disc",1000000,"Porygon-Z",474
475,"Gallade","Psychic","Fighting",,68,125,65,65,115,80,"Steadfast",,"Justified",208,0,3,0,0,0,0,45,1.6,52,1,"Dawn StoneM",1250000,"Gallade",475
476,"Probopass","Rock","Steel",,60,55,145,75,150,40,"Sturdy","Magnet Pull","Sand Force",198,0,0,1,0,2,0,60,1.4,340,0.5,"Level a/ Mt. Coronet",1000000,"Probopass",476
477,"Dusknoir","Ghost",,,45,100,135,65,135,45,"Pressure",,,210,0,0,1,0,2,0,45,2.2,106.6,0.5,"Trade w/ Reaper Cloth",800000,"Dusknoir",477
478,"Froslass","Ice","Ghost",,70,80,70,80,70,110,"Snow Cloak",,"Cursed Body",187,0,0,0,0,0,2,75,1.3,26.6,0,"Dawn StoneF",1000000,"Froslass",478
479,"Rotom","Electric","Ghost",,50,50,77,95,77,91,"Levitate",,,132,0,0,0,1,0,1,45,0.3,0.3,-1,"N",1000000,"Rotom",479
479,"Rotom-C","Electric","Grass",,50,65,107,105,107,86,"Levitate",,,132,0,0,0,1,0,1,45,0.3,0.3,-1,"N",1000000,"Rotom-C",479
479,"Rotom-F","Electric","Ice",,50,65,107,105,107,86,"Levitate",,,132,0,0,0,1,0,1,45,0.3,0.3,-1,"N",1000000,"Rotom-F",479
479,"Rotom-H","Electric","Fire",,50,65,107,105,107,86,"Levitate",,,132,0,0,0,1,0,1,45,0.3,0.3,-1,"N",1000000,"Rotom-H",479
479,"Rotom-S","Electric","Flying",,50,65,107,105,107,86,"Levitate",,,132,0,0,0,1,0,1,45,0.3,0.3,-1,"N",1000000,"Rotom-S",479
479,"Rotom-W","Electric","Water",,50,65,107,105,107,86,"Levitate",,,132,0,0,0,1,0,1,45,0.3,0.3,-1,"N",1000000,"Rotom-W",479
480,"Uxie","Psychic",,,75,75,130,75,130,95,"Levitate",,,210,0,0,2,0,1,0,3,0.3,0.3,-1,"N",1250000,"Uxie",480
481,"Mesprit","Psychic",,,80,105,105,105,105,80,"Levitate",,,210,0,1,0,1,1,0,3,0.3,0.3,-1,"N",1250000,"Mesprit",481
482,"Azelf","Psychic",,,75,125,70,125,70,115,"Levitate",,,210,0,2,0,1,0,0,3,0.3,0.3,-1,"N",1250000,"Azelf",482
483,"Dialga","Steel","Dragon",,100,120,120,150,100,90,"Pressure",,"Telepathy",220,0,0,0,3,0,0,30,5.4,683,-1,"N",1250000,"Dialga",483
484,"Palkia","Water","Dragon",,90,120,100,150,120,100,"Pressure",,"Telepathy",220,0,0,0,3,0,0,30,4.2,336,-1,"N",1250000,"Palkia",484
485,"Heatran","Fire","Steel",,91,90,106,130,106,77,"Flash Fire",,"Flame Body",215,0,0,0,3,0,0,3,1.7,430,0.5,"N",1250000,"Heatran",485
486,"Regigigas","Normal",,,110,160,110,80,110,100,"Slow Start",,,220,0,3,0,0,0,0,3,3.7,420,-1,"N",1250000,"Regigigas",486
487,"Giratina","Ghost","Dragon",,150,100,120,100,120,90,"Pressure",,"Telepathy",220,3,0,0,0,0,0,3,4.5,750,-1,"N",1250000,"Giratina",487
487,"Giratina-O","Ghost","Dragon",,150,120,100,120,100,90,"Levitate",,,220,3,0,0,0,0,0,3,6.9,650,-1,"N",1250000,"Giratina-O",487
488,"Cresselia","Psychic",,,120,70,120,75,130,85,"Levitate",,,210,0,0,0,0,3,0,3,1.5,85.6,0,"N",1250000,"Cresselia",488
489,"Phione","Water",,,80,80,80,80,80,80,"Hydration",,,165,1,0,0,0,0,0,30,0.4,3.1,-1,"N",1250000,"Phione",489
490,"Manaphy","Water",,,100,100,100,100,100,100,"Hydration",,,215,3,0,0,0,0,0,3,0.3,1.4,-1,"N",1250000,"Manaphy",490
491,"Darkrai","Dark",,,70,90,90,135,90,125,"Bad Dreams",,,210,0,0,0,2,0,1,3,1.5,50.5,-1,"N",1250000,"Darkrai",491
492,"Shaymin","Grass",,,100,100,100,100,100,100,"Natural Cure",,,64,3,0,0,0,0,0,45,0.2,2.1,-1,"N",1059860,"Shaymin",492
492,"Shaymin-S","Grass","Flying",,100,103,75,120,75,127,"Serene Grace",,,64,3,0,0,0,0,0,45,0.4,5.2,-1,"N",1059860,"Shaymin-S",492
493,"Arceus","Normal",,,120,120,120,120,120,120,"Multitype",,,255,3,0,0,0,0,0,3,3.2,320,-1,"N",1250000,"Arceus",493
494,"Victini","Psychic","Fire",,100,100,100,100,100,100,"victory star",,,270,3,0,0,0,0,0,3,0.4,4,-1,"N",1250000,"Victini",494
495,"Snivy","Grass",,,45,45,55,45,55,63,"Overgrow",,"Contrary",28,0,0,0,0,0,1,45,0.6,8.1,0.5,,1059860,"Snivy",495
496,"Servine","Grass",,,60,60,75,60,75,83,"Overgrow",,"Contrary",145,0,0,0,0,0,2,45,0.8,16,0.5,"Lv. 17",1059860,"Servine",496
497,"Serperior","Grass",,,75,75,95,75,95,113,"Overgrow",,"Contrary",238,0,0,0,0,0,3,45,3.3,63,0.5,"Lv. 36",1059860,"Serperior",497
498,"Tepig","Fire",,,65,63,45,45,45,45,"Blaze",,"Thick Fat",28,1,0,0,0,0,0,45,0.5,9.9,0.5,,1059860,"Tepig",498
499,"Pignite","Fire","Fighting",,90,93,55,70,55,55,"Blaze",,"Thick Fat",146,0,2,0,0,0,0,45,1,55.5,0.5,"Lv. 17",1059860,"Pignite",499
500,"Emboar","Fire","Fighting",,110,123,65,100,65,65,"Blaze",,"Thick Fat",238,,3,,,,,45,1.6,150,0.5,"Lv. 36",1059860,"Emboar",500
501,"Oshawott","Water",,,55,55,45,63,45,45,"Torrent",,"Shell Armor",28,,,,1,,,45,0.5,5.9,0.5,,1059860,"Oshawott",501
502,"Dewott","Water",,,75,75,60,83,60,60,"Torrent",,"Shell Armor",145,,,,2,,,45,0.8,24.5,0.5,"Lv. 17",1059860,"Dewott",502
503,"Samurott","Water",,,95,100,85,108,70,70,"Torrent",,"Shell Armor",238,,,,3,,,45,1.5,94.6,0.5,"Lv. 36",1059860,"Samurott",503
504,"Patrat","Normal",,,45,55,39,35,39,42,"Run Away","Keen Eye","Analytic",51,,1,,,,,255,0.5,11.6,0.5,,1000000,"Patrat",504
505,"Watchog","Normal",,,60,85,69,60,69,77,"Illuminate","Keen Eye","Analytic",147,,1,,,,,255,1.1,27,0.5,"Lv. 20",1000000,"Watchog",505
506,"Lillipup","Normal",,,45,60,45,25,45,55,"Vital Spirit","Pickup","Run Away",55,,1,,,,,255,0.4,4.1,0.5,,1059860,"Lillipup",506
507,"Herdier","Normal",,,65,80,65,35,65,60,"Intimidate","Sand Rush","Scrappy",130,,2,,,,,120,0.9,14.7,0.5,"Lv. 16",1059860,"Herdier",507
508,"Stoutland","Normal",,,85,100,90,45,90,80,"Intimidate","Sand Rush","Scrappy",221,,3,,,,,45,1.2,61,0.5,"Lv. 32",1059860,"Stoutland",508
509,"Purrloin","Dark",,,41,50,37,50,37,66,"Limber","Unburden","Prankster",56,,,,,,1,255,0.4,10.1,0.5,,1000000,"Purrloin",509
510,"Liepard","Dark",,,64,88,50,88,50,106,"Limber","Unburden","Prankster",156,,,,,,2,90,1.1,37.5,0.5,"Lv. 20",1000000,"Liepard",510
511,"Pansage","Grass",,,50,53,48,53,48,64,"Gluttony",,"Overgrow",63,,,,,,1,190,0.6,10.5,0.5,,1000000,"Pansage",511
512,"Simisage","Grass",,,75,98,63,98,63,101,"Gluttony",,"Overgrow",174,,,,,,2,75,1.1,30.5,0.5,"Leaf Stone",1000000,"Simisage",512
513,"Pansear","Fire",,,50,53,48,53,48,64,"Gluttony",,"Blaze",63,,,,,,1,190,0.6,11,0.5,,1000000,"Pansear",513
514,"Simisear","Fire",,,75,98,63,98,63,101,"Gluttony",,"Blaze",174,,,,,,2,75,1,28,0.5,"Fire Stone",1000000,"Simisear",514
515,"Panpour","Water",,,50,53,48,53,48,64,"Gluttony",,"Torrent",63,,,,,,1,190,0.6,13.5,0.5,,1000000,"Panpour",515
516,"Simipour","Water",,,75,98,63,98,63,101,"Gluttony",,"Torrent",174,,,,,,2,75,1,29,0.5,"Water Stone",1000000,"Simipour",516
517,"Munna","Psychic",,,76,25,45,67,55,24,"Forewarn","Synchronize","Telepathy",58,1,,,,,,190,0.6,23.3,0.5,,800000,"Munna",517
518,"Mushaana","Psychic",,,116,55,85,107,95,29,"Forewarn","Synchronize","Telepathy",170,2,,,,,,75,1.1,60.5,0.5,"Moon Stone",800000,"Mushaana",518
519,"Pidove","Normal","Flying",,50,55,50,36,30,43,"Big Pecks","Super Luck","Rivalry",53,,1,,,,,255,0.3,2.1,0.5,,1059860,"Pidove",519
520,"Tranquill","Normal","Flying",,62,77,62,50,42,65,"Big Pecks","Super Luck","Rivalry",125,,2,,,,,120,0.6,15,0.5,"Lv. 21",1059860,"Tranquill",520
521,"Unfezant","Normal","Flying",,80,105,80,65,55,93,"Big Pecks","Super Luck","Rivalry",215,,3,,,,,45,1.2,29,0.5,"Lv. 32",1059860,"Unfezant",521
522,"Blitzle","Electric",,,45,60,32,50,32,76,"Lightningrod","Motor Drive","Sap Sipper",59,,,,,,1,190,0.8,29.8,0.5,,1000000,"Blitzle",522
523,"Zebstrika","Electric",,,75,100,63,80,63,116,"Lightningrod","Motor Drive","Sap Sipper",174,,,,,,2,75,1.6,79.5,0.5,"Lv. 27",1000000,"Zebstrika",523
524,"Roggenrola","Rock",,,55,75,85,25,25,15,"Sturdy",,"Sand Force",56,,,1,,,,255,0.4,18,0.5,,1059860,"Roggenrola",524
525,"Boldore","Rock",,,70,105,105,50,40,20,"Sturdy",,"Sand Force",137,,1,1,,,,120,0.9,102,0.5,"Lv. 25",1059860,"Boldore",525
526,"Gigalith","Rock",,,85,135,130,60,70,25,"Sturdy",,"Sand Force",227,,3,,,,,45,1.7,260,0.5,"Trade",1059860,"Gigalith",526
527,"Woobat","Psychic","Flying",,55,45,43,55,43,72,"Unaware","Klutz","Simple",63,,,,,,1,190,0.4,2.1,0.5,,1000000,"Woobat",527
528,"Swoobat","Psychic","Flying",,67,57,55,77,55,114,"Unaware","Klutz","Simple",149,,,,,,2,45,0.9,10.5,0.5,"Friendship",1000000,"Swoobat",528
529,"Drilbur","Ground",,,60,85,40,30,45,68,"Sand Rush","Sand Force","Mold Breaker",66,,1,,,,,120,0.3,8.5,0.5,,1000000,"Drilbur",529
530,"Excadrill","Ground","Steel",,110,135,60,50,65,88,"Sand Rush","Sand Force","Mold Breaker",178,,2,,,,,60,0.7,40.4,0.5,"Lv. 31",1000000,"Excadrill",530
531,"Audino","Normal",,,103,60,86,60,86,50,"Healer","Regenerator","Klutz",390,2,,,,,,255,1.1,31,0.5,"N",800000,"Audino",531
532,"Timburr","Fighting",,,75,80,55,25,35,35,"Guts","Sheer Force","Iron Fist",61,,1,,,,,180,0.6,12.5,0.75,,1059860,"Timburr",532
533,"Gurdurr","Fighting",,,85,105,85,40,50,40,"Guts","Sheer Force","Iron Fist",142,,2,,,,,90,1.2,40,0.75,"Lv. 25",1059860,"Gurdurr",533
534,"Conkeldurr","Fighting",,,105,140,95,55,65,45,"Guts","Sheer Force","Iron Fist",227,,3,,,,,45,1.4,87,0.75,"Trade",1059860,"Conkeldurr",534
535,"Tympole","Water",,,50,50,40,50,40,64,"Swift Swim","Hydration","Water Absorb",59,,,,,,1,255,0.5,4.5,0.5,,1059860,"Tympole",535
536,"Palpitoad","Water","Ground",,75,65,55,65,55,69,"Swift Swim","Hydration","Water Absorb",134,2,,,,,,120,0.8,17,0.5,"Lv. 25",1059860,"Palpitoad",536
537,"Seismitoad","Water","Ground",,105,85,75,85,75,74,"Swift Swim","poisoned drink","Water Absorb",225,3,,,,,,45,1.5,62,0.5,"Lv. 36",1059860,"Seismitoad",537
538,"Throh","Fighting",,,120,100,85,30,85,45,"Guts","Inner Focus","Mold Breaker",163,2,,,,,,45,1.3,55.5,1,,1000000,"Throh",538
539,"Sawk","Fighting",,,75,125,75,30,75,85,"Sturdy","Inner Focus","Mold Breaker",163,,2,,,,,45,1.4,51,1,,1000000,"Sawk",539
540,"Sewaddle","Bug","Grass",,45,53,70,40,60,42,"Swarm","Chlorophyll","Overcoat",62,,,1,,,,255,0.3,2.5,0.5,,1059860,"Sewaddle",540
541,"Swadloon","Bug","Grass",,55,63,90,50,80,42,"Leaf Guard","Chlorophyll","Overcoat",133,,,2,,,,120,0.5,7.3,0.5,"Lv. 20",1059860,"Swadloon",541
542,"Leavanny","Bug","Grass",,75,103,80,70,70,92,"Swarm","Chlorophyll","Overcoat",221,,3,,,,,45,1.2,20.5,0.5,"Friendship",1059860,"Leavanny",542
543,"Venipede","Bug","Poison",,30,45,59,30,39,57,"Poison Point","Swarm","Quick Feet",52,,,1,,,,255,0.4,5.3,0.5,,1059860,"Venipede",543
544,"Whirlipede","Bug","Poison",,40,55,99,40,79,47,"Poison Point","Swarm","Quick Feet",126,,,2,,,,120,1.2,58.5,0.5,"Lv. 22",1059860,"Whirlipede",544
545,"Scolipede","Bug","Poison",,60,90,89,55,69,112,"Poison Point","Swarm","Quick Feet",214,,,,,,3,45,2.5,200.5,0.5,"Lv. 30",1059860,"Scolipede",545
546,"Cottonee","Grass",,,40,27,60,37,50,66,"Prankster","Infiltrator","Chlorophyll",56,,,,,,1,190,0.3,0.6,0.5,,1000000,"Cottonee",546
547,"Whimsicott","Grass",,,60,67,85,77,75,116,"Prankster","Infiltrator","Chlorophyll",168,,,,,,2,75,0.7,6.6,0.5,"Sun Stone",1000000,"Whimsicott",547
548,"Petilil","Grass",,,45,35,50,70,50,30,"Chlorophyll","Own Tempo","Leaf Guard",56,,,,1,,,190,0.5,6.6,0,,1000000,"Petilil",548
549,"Lilligant","Grass",,,70,60,75,110,75,90,"Chlorophyll","Own Tempo","Leaf Guard",168,,,,2,,,75,1.1,16.3,0,"Sun Stone",1000000,"Lilligant",549
550,"Basculin","Water",,,70,92,65,80,55,98,"Reckless","Adaptability","Mold Breaker",161,,,,,,2,25,1,18,0.5,"N",1000000,"Basculin",550
551,"Sandile","Ground","Dark",,50,72,35,35,35,65,"Intimidate","Moxie","Anger Point",58,,1,,,,,180,0.7,15.2,0.5,,1059860,"Sandile",551
552,"Krokorok","Ground","Dark",,60,82,45,45,45,74,"Intimidate","Moxie","Anger Point",123,,2,,,,,90,1,33.4,0.5,"Lv. 29",1059860,"Krokorok",552
553,"Krookodile","Ground","Dark",,95,117,70,65,70,92,"Intimidate","Moxie","Anger Point",229,,3,,,,,45,1.5,96.3,0.5,"Lv. 40",1059860,"Krookodile",553
554,"Darumaka","Fire",,,70,90,45,15,45,50,"Hustle",,"Inner Focus",63,,1,,,,,120,0.6,37.5,0.5,,1059860,"Darumaka",554
555,"Darmanitan","Fire",,,105,140,55,30,55,95,"Sheer Force",,"Zen Mode",168,,2,,,,,60,1.3,92.9,0.5,"Lv. 35",1059860,"Darmanitan",555
555,"Darmanitan-D","Fire","Psychic",,105,30,105,140,105,55,"Zen Mode",,"Zen Mode",189,,,,2,,,60,1.3,92.9,0.5,,1059860,"Darmanitan-D",555
556,"Maractus","Grass",,,75,86,67,106,67,60,"Water Absorb","Chlorophyll","Storm Drain",161,,,,2,,,255,1,28,0.5,"N",1000000,"Maractus",556
557,"Dwebble","Bug","Rock",,50,65,85,35,35,55,"Sturdy","Shell Armor","Weak Armor",65,,,1,,,,190,0.3,14.5,0.5,,1000000,"Dwebble",557
558,"Crustle","Bug","Rock",,70,95,125,65,75,45,"Sturdy","Shell Armor","Weak Armor",166,,,2,,,,75,1.4,200,0.5,"Lv. 34",1000000,"Crustle",558
559,"Scraggy","Dark","Fighting",,50,75,70,35,70,48,"Shed Skin","Moxie","Intimidate",70,,1,,,,,180,0.6,11.8,0.5,,1000000,"Scraggy",559
560,"Scrafty","Dark","Fighting",,65,90,115,45,115,58,"Shed Skin","Moxie","Intimidate",171,,,1,,1,,90,1.1,30,0.5,,1000000,"Scrafty",560
561,"Sigilyph","Psychic","Flying",,72,58,80,103,80,97,"Wonder Skin","Magic Guard","Tinted Lens",172,,,,2,,,45,1.4,14,0.5,,1000000,"Sigilyph",561
562,"Yamask","Ghost",,,38,30,85,55,65,30,"Mummy",,,61,,,1,,,,190,0.5,1.5,0.5,,1000000,"Yamask",562
563,"Cofagrigus","Ghost",,,58,50,145,95,105,30,"Mummy",,,169,,,2,,,,90,1.7,76.5,0.5,"Lv. 34",1000000,"Cofagrigus",563
564,"Tirtouga","Water","Rock",,54,78,103,53,45,22,"Solid Rock","Sturdy",,71,,,1,,,,45,0.7,16.5,0.5,,1000000,"Tirtouga",564
565,"Carracosta","Water","Rock",,74,108,133,83,65,32,"Solid Rock","Sturdy","Swift Swim",173,,,2,,,,45,1.2,81,0.5,"Lv. 37",1000000,"Carracosta",565
566,"Archen","Rock","Flying",,55,112,45,74,45,70,"Defeatist",,,71,,1,,,,,45,0.5,9.5,0.5,,1000000,"Archen",566
567,"Archeops","Rock","Flying",,75,140,65,112,65,110,"Defeatist",,,177,,2,,,,,45,1.4,32,0.5,"Lv. 37",1000000,"Archeops",567
568,"Trubbish","Poison",,,50,50,62,40,62,65,"Stench","Sticky Hold","Aftermath",66,,,,,,1,190,0.6,31,0.5,,1000000,"Trubbish",568
569,"Garbodor","Poison",,,80,95,82,60,82,75,"Stench","Weak Armor","Aftermath",166,,2,,,,,60,1.9,107.3,0.5,"Lv. 36",1000000,"Garbodor",569
570,"Zorua","Dark",,,40,65,40,80,40,65,"Illusion",,,66,,,,1,,,75,0.7,12.5,0.5,,1059860,"Zorua",570
571,"Zoroark","Dark",,,60,105,60,120,60,105,"Illusion",,,179,,,,2,,,45,1.6,81.1,0.5,"Lv. 30",1059860,"Zoroark",571
572,"Minccino","Normal",,,55,50,40,40,40,75,"Cute Charm","Technician",,60,,,,,,1,255,0.4,5.8,0.75,,800000,"Minccino",572
573,"Cinccino","Normal",,,75,95,60,65,60,115,"Cute Charm","Technician","Skill Link",165,,,,,,2,60,0.5,7.5,0.75,"Shiny Stone",800000,"Cinccino",573
574,"Gothita","Psychic",,,45,30,50,55,65,45,"Frisk",,"Shadow Tag",58,,,,,1,,200,0.4,5.8,0.75,,1059860,"Gothita",574
575,"Gothorita","Psychic",,,60,45,70,75,85,55,"Frisk",,"Shadow Tag",137,,,,,2,,100,0.7,18,0.75,"Lv. 32",1059860,"Gothorita",575
576,"Gothitelle","Psychic",,,70,55,95,95,110,65,"Frisk",,"Shadow Tag",221,,,,,3,,50,1.5,44,0.75,"Lv. 41",1059860,"Gothitelle",576
577,"Solosis","Psychic",,,45,30,40,105,50,20,"Overcoat","Magic Guard","Regenerator",58,,,,1,,,200,0.3,1,0.5,,1059860,"Solosis",577
578,"Duosion","Psychic",,,65,40,50,125,60,30,"Overcoat","Magic Guard","Regenerator",130,,,,2,,,100,0.6,8,0.5,"Lv. 32",1059860,"Duosion",578
579,"Reuniclus","Psychic",,,110,65,75,125,85,30,"Overcoat","Magic Guard","Regenerator",221,,,,3,,,50,1,20.1,0.5,"Lv. 41",1059860,"Reuniclus",579
580,"Ducklett","Water","Flying",,62,44,50,44,50,55,"Keen Eye","Big Pecks","Hydration",61,1,,,,,,190,0.5,5.5,0.5,,1000000,"Ducklett",580
581,"Swanna","Water","Flying",,75,87,63,87,63,98,"Keen Eye","Big Pecks","Hydration",166,,,,,,2,45,1.3,24.2,0.5,"Lv. 35",1000000,"Swanna",581
582,"Vanillite","Ice",,,36,50,50,65,60,44,"Ice Body",,"Weak Armor",61,,,,1,,,255,0.4,5.7,0.5,,1000000,"Vanillite",582
583,"Vanillish","Ice",,,51,65,65,80,75,59,"Ice Body",,"Weak Armor",138,,,,2,,,120,1.1,41,0.5,"Lv. 35",1000000,"Vanillish",583
584,"Vanilluxe","Ice",,,71,95,85,110,95,79,"Ice Body",,"Weak Armor",241,,,,3,,,45,1.3,57.5,0.5,"Lv. 47",1000000,"Vanilluxe",584
585,"Deerling","Normal","Grass",,60,60,50,40,50,75,"Chlorophyll","Sap Sipper","Serene Grace",67,,,,,,1,190,0.6,19.5,0.5,,1000000,"Deerling",585
586,"Sawsbuck","Normal","Grass",,80,100,70,60,70,95,"Chlorophyll","Sap Sipper","Serene Grace",166,,2,,,,,75,1.9,92.5,0.5,"Lv. 34",1000000,"Sawsbuck",586
587,"Emolga","Electric","Flying",,55,75,60,75,60,103,"Static",,"Motor Drive",150,,,,,,2,200,0.4,5,0.5,,1000000,"Emolga",587
588,"Karrablast","Bug",,,50,75,45,40,45,60,"Swarm","Shed Skin","No Guard",63,,1,,,,,200,0.5,5.9,0.5,,1000000,"Karrablast",588
589,"Escavalier","Bug","Steel",,70,135,105,60,105,20,"Swarm","Shell Armor","Overcoat",173,,2,,,,,75,1,33,0.5,"Trade w/ Shelmet",1000000,"Escavalier",589
590,"Foongus","Grass","Poison",,69,55,45,55,55,15,"Effect Spore",,"Regenerator",59,1,,,,,,190,0.2,1,0.5,,1000000,"Foongus",590
591,"Amoonguss","Grass","Poison",,114,85,70,85,80,30,"Effect Spore",,"Regenerator",162,2,,,,,,75,0.6,10.5,0.5,"Lv. 39",1000000,"Amoonguss",591
592,"Frillish","Water","Ghost",,55,40,50,65,85,40,"Water Absorb","Cursed Body","Damp",67,,,,,1,,190,1.2,33,0.5,,1000000,"Frillish",592
593,"Jellicent","Water","Ghost",,100,60,70,85,105,60,"Water Absorb","Cursed Body","Damp",168,,,,,2,,60,2.2,135,0.5,"Lv. 40",1000000,"Jellicent",593
594,"Alomomola","Water",,,165,75,80,40,45,65,"Healer","Hydration","Regenerator",165,2,,,,,,75,1.2,31.6,0.5,"N",800000,"Alomomola",594
595,"Joltik","Bug","Electric",,50,47,50,57,50,65,"Compoundeyes","Tension","Swarm",64,,,,,,1,190,0.1,0.6,0.5,,1000000,"Joltik",595
596,"Galvantula","Bug","Electric",,70,77,60,97,60,108,"Compoundeyes","Tension","Swarm",165,,,,,,2,75,0.8,14.3,0.5,"Lv. 36",1000000,"Galvantula",596
597,"Ferroseed","Grass","Steel",,44,50,91,24,86,10,"Iron Barbs",,,61,,,1,,,,255,0.6,18.8,0.5,,1000000,"Ferroseed",597
598,"Ferrothorn","Grass","Steel",,74,94,131,54,116,20,"Iron Barbs",,,171,,,2,,,,90,1,110,0.5,"Lv. 40",1000000,"Ferrothorn",598
599,"Klink","Steel",,,40,55,70,45,60,30,"Plus","Minus","Clear Body",60,,,1,,,,130,0.3,21,-1,,1059860,"Klink",599
600,"Klang","Steel",,,60,80,95,70,85,50,"Plus","Minus","Clear Body",154,,,2,,,,60,0.6,51,-1,"Lv. 38",1059860,"Klang",600
601,"Klinklang","Steel",,,60,100,115,70,85,90,"Plus","Minus","Clear Body",234,,,3,,,,30,0.6,81,-1,"Lv. 49",1059860,"Klinklang",601
602,"Tynamo","Electric",,,35,55,40,45,40,60,"Levitate",,,55,,,,,,1,190,0.2,0.3,0.5,,1250000,"Tynamo",602
603,"Elektrik","Electric",,,65,85,70,75,70,40,"Levitate",,,142,,2,,,,,60,1.2,22,0.5,"Lv. 39",1250000,"Elektrik",603
604,"Elektross","Electric",,,85,115,80,105,80,50,"Levitate",,,232,,3,,,,,30,2.1,80.5,0.5,"Thunderstone",1250000,"Elektross",604
605,"Elgyem","Psychic",,,55,55,55,85,55,30,"Telepathy","Synchronize","Analytic",67,,,,1,,,255,0.5,9,0.5,,1000000,"Elgyem",605
606,"Beheeyem","Psychic",,,75,75,75,125,95,40,"Telepathy","Synchronize","Analytic",170,,,,2,,,90,1,34.5,0.5,"Lv. 42",1000000,"Beheeyem",606
607,"Litwick","Ghost","Fire",,50,30,55,65,55,20,"Flash Fire","Flame Body","Shadow Tag",55,,,,1,,,190,0.3,3.1,0.5,,1059860,"Litwick",607
608,"Lampent","Ghost","Fire",,60,40,60,95,60,55,"Flash Fire","Flame Body","Shadow Tag",130,,,,2,,,90,0.6,13,0.5,"Lv. 41",1059860,"Lampent",608
609,"Chandelure","Ghost","Fire",,60,55,90,145,90,80,"Flash Fire","Flame Body","Shadow Tag",234,,,,3,,,45,1,34.3,0.5,"Dusk Stone",1059860,"Chandelure",609
610,"Axew","Dragon",,,46,87,60,30,40,57,"Rivalry","Mold Breaker","Unnerve",64,,1,,,,,75,0.6,18,0.5,,1250000,"Axew",610
611,"Fraxure","Dragon",,,66,117,70,40,50,67,"Rivalry","Mold Breaker","Unnerve",144,,2,,,,,60,1,36,0.5,"Lv. 38",1250000,"Fraxure",611
612,"Haxorus","Dragon",,,76,147,90,60,70,97,"Rivalry","Mold Breaker","Unnerve",243,,3,,,,,45,1.8,105.5,0.5,"Lv. 48",1250000,"Haxorus",612
613,"Cubchoo","Ice",,,55,70,40,60,40,40,"Snow Cloak",,"Rattled",61,,1,,,,,120,0.5,8.5,0.5,,1000000,"Cubchoo",613
614,"Beartic","Ice",,,95,110,80,70,80,50,"Snow Cloak",,"Swift Swim",170,,2,,,,,60,2.6,260,0.5,"Lv. 37",1000000,"Beartic",614
615,"Cryogonal","Ice",,,70,50,30,95,135,105,"Levitate",,,170,,,,,2,,25,1.1,148,-1,"N",1000000,"Cryogonal",615
616,"Shelmet","Bug",,,50,40,85,40,65,25,"Hydration","Shell Armor","Overcoat",61,,,1,,,,200,0.4,7.7,0.5,,1000000,"Shelmet",616
617,"Accelgor","Bug",,,80,70,40,100,60,145,"Hydration","Sticky Hold","Unburden",173,,,,,,2,75,0.8,25.3,0.5,"Trade w/ Karrablast",1000000,"Accelgor",617
618,"Stunfisk","Ground","Electric",,109,66,84,81,99,32,"Static","Limber","Sand Veil",165,2,,,,,,75,0.7,11,0.5,"N",1000000,"Stunfisk",618
619,"Meinfoo","Fighting",,,45,85,50,55,50,65,"Inner Focus","Regenerator","Reckless",70,,1,,,,,180,0.9,20,0.5,,1059860,"Meinfoo",619
620,"Meinshao","Fighting",,,65,125,60,95,60,105,"Inner Focus","Regenerator","Reckless",179,,2,,,,,45,1.4,35.5,0.5,"Lv. 50",1059860,"Meinshao",620
621,"Druddigon","Dragon",,,77,120,90,60,90,48,"Rough Skin","Sheer Force","Mold Breaker",170,,2,,,,,45,1.6,139,0.5,"N",1000000,"Druddigon",621
622,"Golett","Ground","Ghost",,59,74,50,35,50,35,"Iron Fist","Klutz","No Guard",61,,1,,,,,190,1,92,-1,,1000000,"Golett",622
623,"Golurk","Ground","Ghost",,89,124,80,55,80,55,"Iron Fist","Klutz","No Guard",169,,2,,,,,90,2.8,330,-1,"Lv. 43",1000000,"Golurk",623
624,"Pawniard","Dark","Steel",,45,85,70,40,40,60,"Defiant","Inner Focus","Pressure",68,,1,,,,,120,0.5,10.2,-1,,1000000,"Pawniard",624
625,"Bisharp","Dark","Steel",,65,125,100,60,70,70,"Defiant","Inner Focus","Pressure",172,,2,,,,,45,1.6,70,0.5,"Lv. 52",1000000,"Bisharp",625
626,"Bouffalant","Normal",,,95,110,95,40,95,55,"Reckless","Sap Sipper","Soundproof",172,,2,,,,,45,1.6,94.6,0.5,"N",1000000,"Bouffalant",626
627,"Rufflet","Normal","Flying",,70,83,50,37,50,60,"Keen Eye","Sheer Force","Hustle",70,,1,,,,,190,0.5,10.5,1,,1250000,"Rufflet",627
628,"Braviary","Normal","Flying",,100,123,75,57,75,80,"Keen Eye","Sheer Force","Defiant",179,,2,,,,,60,1.5,41,1,"Lv. 54",1250000,"Braviary",628
629,"Vullaby","Dark","Flying",,70,55,75,45,65,60,"Big Pecks","Overcoat","Weak Armor",74,,,1,,,,190,0.5,9,0,,1250000,"Vullaby",629
630,"Mandibuzz","Dark","Flying",,110,65,105,55,95,80,"Big Pecks","Overcoat","Weak Armor",179,,,,2,,,60,1.2,39.5,0,"Lv. 54",1250000,"Mandibuzz",630
631,"Heatmor","Fire",,,85,97,66,105,66,65,"Gluttony","Flash Fire","White Smoke",169,,,,2,,,90,1.4,58,0.5,"N",1000000,"Heatmor",631
632,"Durant","Bug","Steel",,58,109,112,48,48,109,"Swarm","Hustle","Truant",169,,,2,,,,90,0.3,33,0.5,"N",1000000,"Durant",632
633,"Deino","Dark","Dragon",,52,65,50,45,50,38,"Hustle",,,60,,1,,,,,45,0.8,17.3,0.5,,1250000,"Deino",633
634,"Zweilous","Dark","Dragon",,72,85,70,65,70,58,"Hustle",,,147,,2,,,,,45,1.4,50,0.5,"Lv. 50",1250000,"Zweilous",634
635,"Hydreigon","Dark","Dragon",,92,105,90,125,90,98,"Levitate",,,270,,,,3,,,45,1.8,160,0.5,"Lv. 64",1250000,"Hydreigon",635
636,"Larvesta","Bug","Fire",,55,85,55,50,55,60,"Flame Body",,"Swarm",72,,1,,,,,45,1.1,28.8,0.5,,1250000,"Larvesta",636
637,"Volcarona","Bug","Fire",,85,60,65,135,105,100,"Flame Body",,"Swarm",248,,,,3,,,15,1.6,46,0.5,"Lv. 59",1250000,"Volcarona",637
638,"Cobalion","Steel","Fighting",,91,90,129,90,72,108,"Justified",,,261,,,3,,,,3,2.1,250,-1,"N",1250000,"Cobalion",638
639,"Terrakion","Rock","Fighting",,91,129,90,72,90,108,"Justified",,,261,,3,,,,,3,1.9,260,-1,"N",1250000,"Terrakion",639
640,"Virizion","Grass","Fighting",,91,90,72,90,129,108,"Justified",,,261,,,,,3,,3,2,200,-1,"N",1250000,"Virizion",640
641,"Tornadus","Flying",,,79,115,70,125,80,111,"Prankster",,"Defiant",261,,3,,,,,3,1.5,63,1,"N",1250000,"Tornadus",641
642,"Thundurus","Electric","Flying",,79,115,70,125,80,111,"Prankster",,"Defiant",261,,3,,,,,3,1.5,61,1,"N",1250000,"Thundurus",642
643,"Reshiram","Dragon","Fire",,100,120,100,150,120,90,"Turboblaze",,,306,,,,3,,,45,3.2,330,-1,"N",1250000,"Reshiram",643
644,"Zekrom","Dragon","Electric",,100,150,120,120,100,90,"Teravolt",,,306,,3,,,,,45,2.9,345,-1,"N",1250000,"Zekrom",644
645,"Landorus","Ground","Flying",,89,125,90,115,80,101,"Sand Force",,"Sheer Force",270,,,,3,,,3,1.5,68,1,"N",1250000,"Landorus",645
646,"Kyurem","Dragon","Ice",,125,130,90,130,90,95,"Pressure",,,297,1,1,,1,,,3,3,325,-1,"N",1250000,"Kyurem",646
647,"Keldeo","Water","Fighting",,91,72,90,129,90,108,"Justified",,,261,,,,3,,,3,1.4,48.5,-1,"N",1250000,"Keldeo",647
648,"Meloetta","Normal","Psychic",,100,77,77,128,128,90,"Serene Grace",,,270,,,,1,1,1,3,0.6,6.5,-1,"N",1250000,"Meloetta",648
648,"Meloetta-S","Normal","Fighting",,100,128,90,77,77,128,"Serene Grace",,,270,1,1,,,,1,3,0.6,6.5,-1,"N",1250000,"Meloetta-S",648
649,"Genesect","Bug","Steel",,71,120,95,120,95,99,"Download",,,270,,1,,1,,1,3,1.5,82.5,-1,"N",1250000,"Genesect",649
